Datum,Gemeentecode,Gemeentenaam,Provincienaam,Provinciecode,Type,Aantal,AantalCumulatief
2020-08-14,-1,,,-1,Totaal,2,570
2020-08-14,-1,,,-1,Ziekenhuisopname,0,64
2020-08-14,-1,,,-1,Overleden,0,18
2020-08-14,3,Appingedam,Groningen,20,Totaal,0,6
2020-08-14,3,Appingedam,Groningen,20,Ziekenhuisopname,0,3
2020-08-14,3,Appingedam,Groningen,20,Overleden,0,0
2020-08-14,10,Delfzijl,Groningen,20,Totaal,0,27
2020-08-14,10,Delfzijl,Groningen,20,Ziekenhuisopname,0,6
2020-08-14,10,Delfzijl,Groningen,20,Overleden,0,0
2020-08-14,14,Groningen,Groningen,20,Totaal,9,251
2020-08-14,14,Groningen,Groningen,20,Ziekenhuisopname,0,18
2020-08-14,14,Groningen,Groningen,20,Overleden,0,3
2020-08-14,24,Loppersum,Groningen,20,Totaal,0,2
2020-08-14,24,Loppersum,Groningen,20,Ziekenhuisopname,0,0
2020-08-14,24,Loppersum,Groningen,20,Overleden,0,0
2020-08-14,34,Almere,Flevoland,24,Totaal,19,590
2020-08-14,34,Almere,Flevoland,24,Ziekenhuisopname,1,130
2020-08-14,34,Almere,Flevoland,24,Overleden,0,32
2020-08-14,37,Stadskanaal,Groningen,20,Totaal,0,11
2020-08-14,37,Stadskanaal,Groningen,20,Ziekenhuisopname,0,2
2020-08-14,37,Stadskanaal,Groningen,20,Overleden,0,2
2020-08-14,47,Veendam,Groningen,20,Totaal,2,15
2020-08-14,47,Veendam,Groningen,20,Ziekenhuisopname,0,2
2020-08-14,47,Veendam,Groningen,20,Overleden,0,0
2020-08-14,50,Zeewolde,Flevoland,24,Totaal,0,51
2020-08-14,50,Zeewolde,Flevoland,24,Ziekenhuisopname,0,12
2020-08-14,50,Zeewolde,Flevoland,24,Overleden,0,6
2020-08-14,59,Achtkarspelen,Friesland,21,Totaal,1,19
2020-08-14,59,Achtkarspelen,Friesland,21,Ziekenhuisopname,0,0
2020-08-14,59,Achtkarspelen,Friesland,21,Overleden,0,0
2020-08-14,60,Ameland,Friesland,21,Totaal,0,0
2020-08-14,60,Ameland,Friesland,21,Ziekenhuisopname,0,0
2020-08-14,60,Ameland,Friesland,21,Overleden,0,0
2020-08-14,72,Harlingen,Friesland,21,Totaal,0,18
2020-08-14,72,Harlingen,Friesland,21,Ziekenhuisopname,0,4
2020-08-14,72,Harlingen,Friesland,21,Overleden,0,1
2020-08-14,74,Heerenveen,Friesland,21,Totaal,0,95
2020-08-14,74,Heerenveen,Friesland,21,Ziekenhuisopname,0,13
2020-08-14,74,Heerenveen,Friesland,21,Overleden,0,21
2020-08-14,80,Leeuwarden,Friesland,21,Totaal,0,80
2020-08-14,80,Leeuwarden,Friesland,21,Ziekenhuisopname,0,33
2020-08-14,80,Leeuwarden,Friesland,21,Overleden,0,6
2020-08-14,85,Ooststellingwerf,Friesland,21,Totaal,0,8
2020-08-14,85,Ooststellingwerf,Friesland,21,Ziekenhuisopname,0,3
2020-08-14,85,Ooststellingwerf,Friesland,21,Overleden,0,0
2020-08-14,86,Opsterland,Friesland,21,Totaal,0,24
2020-08-14,86,Opsterland,Friesland,21,Ziekenhuisopname,0,7
2020-08-14,86,Opsterland,Friesland,21,Overleden,0,0
2020-08-14,88,Schiermonnikoog,Friesland,21,Totaal,0,0
2020-08-14,88,Schiermonnikoog,Friesland,21,Ziekenhuisopname,0,0
2020-08-14,88,Schiermonnikoog,Friesland,21,Overleden,0,0
2020-08-14,90,Smallingerland,Friesland,21,Totaal,0,60
2020-08-14,90,Smallingerland,Friesland,21,Ziekenhuisopname,0,9
2020-08-14,90,Smallingerland,Friesland,21,Overleden,0,5
2020-08-14,93,Terschelling,Friesland,21,Totaal,0,2
2020-08-14,93,Terschelling,Friesland,21,Ziekenhuisopname,0,0
2020-08-14,93,Terschelling,Friesland,21,Overleden,0,0
2020-08-14,96,Vlieland,Friesland,21,Totaal,0,0
2020-08-14,96,Vlieland,Friesland,21,Ziekenhuisopname,0,0
2020-08-14,96,Vlieland,Friesland,21,Overleden,0,0
2020-08-14,98,Weststellingwerf,Friesland,21,Totaal,0,29
2020-08-14,98,Weststellingwerf,Friesland,21,Ziekenhuisopname,0,3
2020-08-14,98,Weststellingwerf,Friesland,21,Overleden,0,4
2020-08-14,106,Assen,Drenthe,22,Totaal,0,54
2020-08-14,106,Assen,Drenthe,22,Ziekenhuisopname,0,12
2020-08-14,106,Assen,Drenthe,22,Overleden,0,2
2020-08-14,109,Coevorden,Drenthe,22,Totaal,0,59
2020-08-14,109,Coevorden,Drenthe,22,Ziekenhuisopname,0,13
2020-08-14,109,Coevorden,Drenthe,22,Overleden,0,2
2020-08-14,114,Emmen,Drenthe,22,Totaal,0,111
2020-08-14,114,Emmen,Drenthe,22,Ziekenhuisopname,0,20
2020-08-14,114,Emmen,Drenthe,22,Overleden,0,11
2020-08-14,118,Hoogeveen,Drenthe,22,Totaal,1,105
2020-08-14,118,Hoogeveen,Drenthe,22,Ziekenhuisopname,0,19
2020-08-14,118,Hoogeveen,Drenthe,22,Overleden,0,8
2020-08-14,119,Meppel,Drenthe,22,Totaal,0,51
2020-08-14,119,Meppel,Drenthe,22,Ziekenhuisopname,0,11
2020-08-14,119,Meppel,Drenthe,22,Overleden,0,5
2020-08-14,141,Almelo,Overijssel,23,Totaal,0,98
2020-08-14,141,Almelo,Overijssel,23,Ziekenhuisopname,0,23
2020-08-14,141,Almelo,Overijssel,23,Overleden,0,9
2020-08-14,147,Borne,Overijssel,23,Totaal,0,51
2020-08-14,147,Borne,Overijssel,23,Ziekenhuisopname,0,14
2020-08-14,147,Borne,Overijssel,23,Overleden,0,6
2020-08-14,148,Dalfsen,Overijssel,23,Totaal,0,84
2020-08-14,148,Dalfsen,Overijssel,23,Ziekenhuisopname,0,16
2020-08-14,148,Dalfsen,Overijssel,23,Overleden,0,6
2020-08-14,150,Deventer,Overijssel,23,Totaal,3,370
2020-08-14,150,Deventer,Overijssel,23,Ziekenhuisopname,0,47
2020-08-14,150,Deventer,Overijssel,23,Overleden,0,33
2020-08-14,153,Enschede,Overijssel,23,Totaal,8,296
2020-08-14,153,Enschede,Overijssel,23,Ziekenhuisopname,1,55
2020-08-14,153,Enschede,Overijssel,23,Overleden,0,25
2020-08-14,158,Haaksbergen,Overijssel,23,Totaal,0,57
2020-08-14,158,Haaksbergen,Overijssel,23,Ziekenhuisopname,0,14
2020-08-14,158,Haaksbergen,Overijssel,23,Overleden,0,7
2020-08-14,160,Hardenberg,Overijssel,23,Totaal,0,180
2020-08-14,160,Hardenberg,Overijssel,23,Ziekenhuisopname,0,23
2020-08-14,160,Hardenberg,Overijssel,23,Overleden,0,8
2020-08-14,163,Hellendoorn,Overijssel,23,Totaal,0,98
2020-08-14,163,Hellendoorn,Overijssel,23,Ziekenhuisopname,0,8
2020-08-14,163,Hellendoorn,Overijssel,23,Overleden,0,12
2020-08-14,164,Hengelo,Overijssel,23,Totaal,1,137
2020-08-14,164,Hengelo,Overijssel,23,Ziekenhuisopname,0,21
2020-08-14,164,Hengelo,Overijssel,23,Overleden,0,19
2020-08-14,166,Kampen,Overijssel,23,Totaal,1,349
2020-08-14,166,Kampen,Overijssel,23,Ziekenhuisopname,0,59
2020-08-14,166,Kampen,Overijssel,23,Overleden,0,27
2020-08-14,168,Losser,Overijssel,23,Totaal,0,27
2020-08-14,168,Losser,Overijssel,23,Ziekenhuisopname,0,7
2020-08-14,168,Losser,Overijssel,23,Overleden,0,0
2020-08-14,171,Noordoostpolder,Flevoland,24,Totaal,0,83
2020-08-14,171,Noordoostpolder,Flevoland,24,Ziekenhuisopname,0,14
2020-08-14,171,Noordoostpolder,Flevoland,24,Overleden,0,10
2020-08-14,173,Oldenzaal,Overijssel,23,Totaal,0,50
2020-08-14,173,Oldenzaal,Overijssel,23,Ziekenhuisopname,0,13
2020-08-14,173,Oldenzaal,Overijssel,23,Overleden,0,7
2020-08-14,175,Ommen,Overijssel,23,Totaal,0,54
2020-08-14,175,Ommen,Overijssel,23,Ziekenhuisopname,0,9
2020-08-14,175,Ommen,Overijssel,23,Overleden,0,2
2020-08-14,177,Raalte,Overijssel,23,Totaal,0,159
2020-08-14,177,Raalte,Overijssel,23,Ziekenhuisopname,0,24
2020-08-14,177,Raalte,Overijssel,23,Overleden,0,17
2020-08-14,180,Staphorst,Overijssel,23,Totaal,0,62
2020-08-14,180,Staphorst,Overijssel,23,Ziekenhuisopname,0,8
2020-08-14,180,Staphorst,Overijssel,23,Overleden,0,4
2020-08-14,183,Tubbergen,Overijssel,23,Totaal,0,81
2020-08-14,183,Tubbergen,Overijssel,23,Ziekenhuisopname,0,12
2020-08-14,183,Tubbergen,Overijssel,23,Overleden,0,5
2020-08-14,184,Urk,Flevoland,24,Totaal,0,84
2020-08-14,184,Urk,Flevoland,24,Ziekenhuisopname,0,23
2020-08-14,184,Urk,Flevoland,24,Overleden,0,4
2020-08-14,189,Wierden,Overijssel,23,Totaal,1,53
2020-08-14,189,Wierden,Overijssel,23,Ziekenhuisopname,0,5
2020-08-14,189,Wierden,Overijssel,23,Overleden,0,6
2020-08-14,193,Zwolle,Overijssel,23,Totaal,1,376
2020-08-14,193,Zwolle,Overijssel,23,Ziekenhuisopname,0,53
2020-08-14,193,Zwolle,Overijssel,23,Overleden,0,46
2020-08-14,197,Aalten,Gelderland,25,Totaal,0,62
2020-08-14,197,Aalten,Gelderland,25,Ziekenhuisopname,0,9
2020-08-14,197,Aalten,Gelderland,25,Overleden,0,7
2020-08-14,200,Apeldoorn,Gelderland,25,Totaal,1,489
2020-08-14,200,Apeldoorn,Gelderland,25,Ziekenhuisopname,0,97
2020-08-14,200,Apeldoorn,Gelderland,25,Overleden,0,50
2020-08-14,202,Arnhem,Gelderland,25,Totaal,4,464
2020-08-14,202,Arnhem,Gelderland,25,Ziekenhuisopname,0,67
2020-08-14,202,Arnhem,Gelderland,25,Overleden,0,32
2020-08-14,203,Barneveld,Gelderland,25,Totaal,1,153
2020-08-14,203,Barneveld,Gelderland,25,Ziekenhuisopname,0,18
2020-08-14,203,Barneveld,Gelderland,25,Overleden,0,6
2020-08-14,209,Beuningen,Gelderland,25,Totaal,2,84
2020-08-14,209,Beuningen,Gelderland,25,Ziekenhuisopname,0,19
2020-08-14,209,Beuningen,Gelderland,25,Overleden,0,5
2020-08-14,213,Brummen,Gelderland,25,Totaal,0,44
2020-08-14,213,Brummen,Gelderland,25,Ziekenhuisopname,0,18
2020-08-14,213,Brummen,Gelderland,25,Overleden,0,6
2020-08-14,214,Buren,Gelderland,25,Totaal,0,63
2020-08-14,214,Buren,Gelderland,25,Ziekenhuisopname,0,17
2020-08-14,214,Buren,Gelderland,25,Overleden,0,8
2020-08-14,216,Culemborg,Gelderland,25,Totaal,0,93
2020-08-14,216,Culemborg,Gelderland,25,Ziekenhuisopname,0,21
2020-08-14,216,Culemborg,Gelderland,25,Overleden,0,7
2020-08-14,221,Doesburg,Gelderland,25,Totaal,0,34
2020-08-14,221,Doesburg,Gelderland,25,Ziekenhuisopname,0,9
2020-08-14,221,Doesburg,Gelderland,25,Overleden,0,6
2020-08-14,222,Doetinchem,Gelderland,25,Totaal,0,114
2020-08-14,222,Doetinchem,Gelderland,25,Ziekenhuisopname,0,26
2020-08-14,222,Doetinchem,Gelderland,25,Overleden,0,15
2020-08-14,225,Druten,Gelderland,25,Totaal,0,115
2020-08-14,225,Druten,Gelderland,25,Ziekenhuisopname,0,25
2020-08-14,225,Druten,Gelderland,25,Overleden,0,8
2020-08-14,226,Duiven,Gelderland,25,Totaal,0,54
2020-08-14,226,Duiven,Gelderland,25,Ziekenhuisopname,0,14
2020-08-14,226,Duiven,Gelderland,25,Overleden,0,6
2020-08-14,228,Ede,Gelderland,25,Totaal,2,256
2020-08-14,228,Ede,Gelderland,25,Ziekenhuisopname,0,53
2020-08-14,228,Ede,Gelderland,25,Overleden,0,20
2020-08-14,230,Elburg,Gelderland,25,Totaal,0,151
2020-08-14,230,Elburg,Gelderland,25,Ziekenhuisopname,0,28
2020-08-14,230,Elburg,Gelderland,25,Overleden,0,8
2020-08-14,232,Epe,Gelderland,25,Totaal,0,138
2020-08-14,232,Epe,Gelderland,25,Ziekenhuisopname,0,48
2020-08-14,232,Epe,Gelderland,25,Overleden,0,23
2020-08-14,233,Ermelo,Gelderland,25,Totaal,0,151
2020-08-14,233,Ermelo,Gelderland,25,Ziekenhuisopname,0,33
2020-08-14,233,Ermelo,Gelderland,25,Overleden,0,23
2020-08-14,243,Harderwijk,Gelderland,25,Totaal,3,190
2020-08-14,243,Harderwijk,Gelderland,25,Ziekenhuisopname,0,42
2020-08-14,243,Harderwijk,Gelderland,25,Overleden,0,20
2020-08-14,244,Hattem,Gelderland,25,Totaal,0,42
2020-08-14,244,Hattem,Gelderland,25,Ziekenhuisopname,0,16
2020-08-14,244,Hattem,Gelderland,25,Overleden,0,5
2020-08-14,246,Heerde,Gelderland,25,Totaal,1,194
2020-08-14,246,Heerde,Gelderland,25,Ziekenhuisopname,0,55
2020-08-14,246,Heerde,Gelderland,25,Overleden,0,28
2020-08-14,252,Heumen,Gelderland,25,Totaal,1,78
2020-08-14,252,Heumen,Gelderland,25,Ziekenhuisopname,0,17
2020-08-14,252,Heumen,Gelderland,25,Overleden,0,9
2020-08-14,262,Lochem,Gelderland,25,Totaal,0,102
2020-08-14,262,Lochem,Gelderland,25,Ziekenhuisopname,0,15
2020-08-14,262,Lochem,Gelderland,25,Overleden,0,15
2020-08-14,263,Maasdriel,Gelderland,25,Totaal,0,62
2020-08-14,263,Maasdriel,Gelderland,25,Ziekenhuisopname,0,15
2020-08-14,263,Maasdriel,Gelderland,25,Overleden,0,7
2020-08-14,267,Nijkerk,Gelderland,25,Totaal,0,71
2020-08-14,267,Nijkerk,Gelderland,25,Ziekenhuisopname,0,22
2020-08-14,267,Nijkerk,Gelderland,25,Overleden,0,3
2020-08-14,268,Nijmegen,Gelderland,25,Totaal,2,723
2020-08-14,268,Nijmegen,Gelderland,25,Ziekenhuisopname,0,128
2020-08-14,268,Nijmegen,Gelderland,25,Overleden,0,70
2020-08-14,269,Oldebroek,Gelderland,25,Totaal,0,176
2020-08-14,269,Oldebroek,Gelderland,25,Ziekenhuisopname,0,40
2020-08-14,269,Oldebroek,Gelderland,25,Overleden,0,19
2020-08-14,273,Putten,Gelderland,25,Totaal,1,42
2020-08-14,273,Putten,Gelderland,25,Ziekenhuisopname,0,10
2020-08-14,273,Putten,Gelderland,25,Overleden,0,0
2020-08-14,274,Renkum,Gelderland,25,Totaal,0,84
2020-08-14,274,Renkum,Gelderland,25,Ziekenhuisopname,0,14
2020-08-14,274,Renkum,Gelderland,25,Overleden,0,7
2020-08-14,275,Rheden,Gelderland,25,Totaal,0,148
2020-08-14,275,Rheden,Gelderland,25,Ziekenhuisopname,0,34
2020-08-14,275,Rheden,Gelderland,25,Overleden,0,14
2020-08-14,277,Rozendaal,Gelderland,25,Totaal,0,3
2020-08-14,277,Rozendaal,Gelderland,25,Ziekenhuisopname,0,1
2020-08-14,277,Rozendaal,Gelderland,25,Overleden,0,0
2020-08-14,279,Scherpenzeel,Gelderland,25,Totaal,0,35
2020-08-14,279,Scherpenzeel,Gelderland,25,Ziekenhuisopname,0,4
2020-08-14,279,Scherpenzeel,Gelderland,25,Overleden,0,2
2020-08-14,281,Tiel,Gelderland,25,Totaal,0,156
2020-08-14,281,Tiel,Gelderland,25,Ziekenhuisopname,0,42
2020-08-14,281,Tiel,Gelderland,25,Overleden,0,19
2020-08-14,285,Voorst,Gelderland,25,Totaal,0,87
2020-08-14,285,Voorst,Gelderland,25,Ziekenhuisopname,0,17
2020-08-14,285,Voorst,Gelderland,25,Overleden,0,11
2020-08-14,289,Wageningen,Gelderland,25,Totaal,0,61
2020-08-14,289,Wageningen,Gelderland,25,Ziekenhuisopname,0,20
2020-08-14,289,Wageningen,Gelderland,25,Overleden,0,9
2020-08-14,293,Westervoort,Gelderland,25,Totaal,0,47
2020-08-14,293,Westervoort,Gelderland,25,Ziekenhuisopname,0,12
2020-08-14,293,Westervoort,Gelderland,25,Overleden,0,6
2020-08-14,294,Winterswijk,Gelderland,25,Totaal,0,49
2020-08-14,294,Winterswijk,Gelderland,25,Ziekenhuisopname,0,7
2020-08-14,294,Winterswijk,Gelderland,25,Overleden,0,3
2020-08-14,296,Wijchen,Gelderland,25,Totaal,2,157
2020-08-14,296,Wijchen,Gelderland,25,Ziekenhuisopname,0,44
2020-08-14,296,Wijchen,Gelderland,25,Overleden,0,13
2020-08-14,297,Zaltbommel,Gelderland,25,Totaal,2,109
2020-08-14,297,Zaltbommel,Gelderland,25,Ziekenhuisopname,0,21
2020-08-14,297,Zaltbommel,Gelderland,25,Overleden,0,9
2020-08-14,299,Zevenaar,Gelderland,25,Totaal,0,123
2020-08-14,299,Zevenaar,Gelderland,25,Ziekenhuisopname,0,45
2020-08-14,299,Zevenaar,Gelderland,25,Overleden,0,15
2020-08-14,301,Zutphen,Gelderland,25,Totaal,0,114
2020-08-14,301,Zutphen,Gelderland,25,Ziekenhuisopname,0,30
2020-08-14,301,Zutphen,Gelderland,25,Overleden,0,13
2020-08-14,302,Nunspeet,Gelderland,25,Totaal,0,225
2020-08-14,302,Nunspeet,Gelderland,25,Ziekenhuisopname,0,55
2020-08-14,302,Nunspeet,Gelderland,25,Overleden,0,21
2020-08-14,303,Dronten,Flevoland,24,Totaal,0,124
2020-08-14,303,Dronten,Flevoland,24,Ziekenhuisopname,0,30
2020-08-14,303,Dronten,Flevoland,24,Overleden,0,12
2020-08-14,307,Amersfoort,Utrecht,26,Totaal,2,303
2020-08-14,307,Amersfoort,Utrecht,26,Ziekenhuisopname,0,62
2020-08-14,307,Amersfoort,Utrecht,26,Overleden,0,23
2020-08-14,308,Baarn,Utrecht,26,Totaal,0,66
2020-08-14,308,Baarn,Utrecht,26,Ziekenhuisopname,0,11
2020-08-14,308,Baarn,Utrecht,26,Overleden,0,9
2020-08-14,310,De Bilt,Utrecht,26,Totaal,3,201
2020-08-14,310,De Bilt,Utrecht,26,Ziekenhuisopname,0,28
2020-08-14,310,De Bilt,Utrecht,26,Overleden,0,24
2020-08-14,312,Bunnik,Utrecht,26,Totaal,0,49
2020-08-14,312,Bunnik,Utrecht,26,Ziekenhuisopname,0,9
2020-08-14,312,Bunnik,Utrecht,26,Overleden,0,1
2020-08-14,313,Bunschoten,Utrecht,26,Totaal,0,76
2020-08-14,313,Bunschoten,Utrecht,26,Ziekenhuisopname,0,9
2020-08-14,313,Bunschoten,Utrecht,26,Overleden,0,7
2020-08-14,317,Eemnes,Utrecht,26,Totaal,0,23
2020-08-14,317,Eemnes,Utrecht,26,Ziekenhuisopname,0,2
2020-08-14,317,Eemnes,Utrecht,26,Overleden,0,1
2020-08-14,321,Houten,Utrecht,26,Totaal,1,166
2020-08-14,321,Houten,Utrecht,26,Ziekenhuisopname,0,24
2020-08-14,321,Houten,Utrecht,26,Overleden,0,14
2020-08-14,327,Leusden,Utrecht,26,Totaal,0,63
2020-08-14,327,Leusden,Utrecht,26,Ziekenhuisopname,0,9
2020-08-14,327,Leusden,Utrecht,26,Overleden,0,5
2020-08-14,331,Lopik,Utrecht,26,Totaal,-1,71
2020-08-14,331,Lopik,Utrecht,26,Ziekenhuisopname,0,19
2020-08-14,331,Lopik,Utrecht,26,Overleden,0,8
2020-08-14,335,Montfoort,Utrecht,26,Totaal,0,51
2020-08-14,335,Montfoort,Utrecht,26,Ziekenhuisopname,0,13
2020-08-14,335,Montfoort,Utrecht,26,Overleden,0,5
2020-08-14,339,Renswoude,Utrecht,26,Totaal,0,20
2020-08-14,339,Renswoude,Utrecht,26,Ziekenhuisopname,0,5
2020-08-14,339,Renswoude,Utrecht,26,Overleden,0,5
2020-08-14,340,Rhenen,Utrecht,26,Totaal,1,50
2020-08-14,340,Rhenen,Utrecht,26,Ziekenhuisopname,0,11
2020-08-14,340,Rhenen,Utrecht,26,Overleden,0,6
2020-08-14,342,Soest,Utrecht,26,Totaal,0,101
2020-08-14,342,Soest,Utrecht,26,Ziekenhuisopname,0,24
2020-08-14,342,Soest,Utrecht,26,Overleden,0,13
2020-08-14,344,Utrecht,Utrecht,26,Totaal,17,1729
2020-08-14,344,Utrecht,Utrecht,26,Ziekenhuisopname,0,271
2020-08-14,344,Utrecht,Utrecht,26,Overleden,0,118
2020-08-14,345,Veenendaal,Utrecht,26,Totaal,2,203
2020-08-14,345,Veenendaal,Utrecht,26,Ziekenhuisopname,0,47
2020-08-14,345,Veenendaal,Utrecht,26,Overleden,0,11
2020-08-14,351,Woudenberg,Utrecht,26,Totaal,0,34
2020-08-14,351,Woudenberg,Utrecht,26,Ziekenhuisopname,0,9
2020-08-14,351,Woudenberg,Utrecht,26,Overleden,0,2
2020-08-14,352,Wijk bij Duurstede,Utrecht,26,Totaal,0,45
2020-08-14,352,Wijk bij Duurstede,Utrecht,26,Ziekenhuisopname,0,10
2020-08-14,352,Wijk bij Duurstede,Utrecht,26,Overleden,0,1
2020-08-14,353,IJsselstein,Utrecht,26,Totaal,1,175
2020-08-14,353,IJsselstein,Utrecht,26,Ziekenhuisopname,0,36
2020-08-14,353,IJsselstein,Utrecht,26,Overleden,0,35
2020-08-14,355,Zeist,Utrecht,26,Totaal,2,246
2020-08-14,355,Zeist,Utrecht,26,Ziekenhuisopname,0,37
2020-08-14,355,Zeist,Utrecht,26,Overleden,0,24
2020-08-14,356,Nieuwegein,Utrecht,26,Totaal,0,201
2020-08-14,356,Nieuwegein,Utrecht,26,Ziekenhuisopname,0,45
2020-08-14,356,Nieuwegein,Utrecht,26,Overleden,0,14
2020-08-14,358,Aalsmeer,Noord-Holland,27,Totaal,1,51
2020-08-14,358,Aalsmeer,Noord-Holland,27,Ziekenhuisopname,0,9
2020-08-14,358,Aalsmeer,Noord-Holland,27,Overleden,0,4
2020-08-14,361,Alkmaar,Noord-Holland,27,Totaal,2,278
2020-08-14,361,Alkmaar,Noord-Holland,27,Ziekenhuisopname,0,54
2020-08-14,361,Alkmaar,Noord-Holland,27,Overleden,0,31
2020-08-14,362,Amstelveen,Noord-Holland,27,Totaal,6,406
2020-08-14,362,Amstelveen,Noord-Holland,27,Ziekenhuisopname,0,59
2020-08-14,362,Amstelveen,Noord-Holland,27,Overleden,0,35
2020-08-14,363,Amsterdam,Noord-Holland,27,Totaal,120,4489
2020-08-14,363,Amsterdam,Noord-Holland,27,Ziekenhuisopname,1,648
2020-08-14,363,Amsterdam,Noord-Holland,27,Overleden,1,286
2020-08-14,370,Beemster,Noord-Holland,27,Totaal,0,28
2020-08-14,370,Beemster,Noord-Holland,27,Ziekenhuisopname,0,4
2020-08-14,370,Beemster,Noord-Holland,27,Overleden,0,1
2020-08-14,373,Bergen (NH.),Noord-Holland,27,Totaal,0,103
2020-08-14,373,Bergen (NH.),Noord-Holland,27,Ziekenhuisopname,0,16
2020-08-14,373,Bergen (NH.),Noord-Holland,27,Overleden,0,4
2020-08-14,375,Beverwijk,Noord-Holland,27,Totaal,1,89
2020-08-14,375,Beverwijk,Noord-Holland,27,Ziekenhuisopname,0,15
2020-08-14,375,Beverwijk,Noord-Holland,27,Overleden,0,10
2020-08-14,376,Blaricum,Noord-Holland,27,Totaal,0,43
2020-08-14,376,Blaricum,Noord-Holland,27,Ziekenhuisopname,0,8
2020-08-14,376,Blaricum,Noord-Holland,27,Overleden,0,2
2020-08-14,377,Bloemendaal,Noord-Holland,27,Totaal,2,67
2020-08-14,377,Bloemendaal,Noord-Holland,27,Ziekenhuisopname,0,7
2020-08-14,377,Bloemendaal,Noord-Holland,27,Overleden,0,5
2020-08-14,383,Castricum,Noord-Holland,27,Totaal,0,85
2020-08-14,383,Castricum,Noord-Holland,27,Ziekenhuisopname,0,15
2020-08-14,383,Castricum,Noord-Holland,27,Overleden,0,9
2020-08-14,384,Diemen,Noord-Holland,27,Totaal,7,152
2020-08-14,384,Diemen,Noord-Holland,27,Ziekenhuisopname,0,17
2020-08-14,384,Diemen,Noord-Holland,27,Overleden,0,13
2020-08-14,385,Edam-Volendam,Noord-Holland,27,Totaal,0,130
2020-08-14,385,Edam-Volendam,Noord-Holland,27,Ziekenhuisopname,0,25
2020-08-14,385,Edam-Volendam,Noord-Holland,27,Overleden,0,3
2020-08-14,388,Enkhuizen,Noord-Holland,27,Totaal,0,32
2020-08-14,388,Enkhuizen,Noord-Holland,27,Ziekenhuisopname,0,18
2020-08-14,388,Enkhuizen,Noord-Holland,27,Overleden,0,4
2020-08-14,392,Haarlem,Noord-Holland,27,Totaal,8,385
2020-08-14,392,Haarlem,Noord-Holland,27,Ziekenhuisopname,0,61
2020-08-14,392,Haarlem,Noord-Holland,27,Overleden,0,58
2020-08-14,394,Haarlemmermeer,Noord-Holland,27,Totaal,9,409
2020-08-14,394,Haarlemmermeer,Noord-Holland,27,Ziekenhuisopname,0,69
2020-08-14,394,Haarlemmermeer,Noord-Holland,27,Overleden,0,28
2020-08-14,396,Heemskerk,Noord-Holland,27,Totaal,1,96
2020-08-14,396,Heemskerk,Noord-Holland,27,Ziekenhuisopname,0,28
2020-08-14,396,Heemskerk,Noord-Holland,27,Overleden,0,10
2020-08-14,397,Heemstede,Noord-Holland,27,Totaal,1,106
2020-08-14,397,Heemstede,Noord-Holland,27,Ziekenhuisopname,0,11
2020-08-14,397,Heemstede,Noord-Holland,27,Overleden,0,32
2020-08-14,398,Heerhugowaard,Noord-Holland,27,Totaal,0,169
2020-08-14,398,Heerhugowaard,Noord-Holland,27,Ziekenhuisopname,0,27
2020-08-14,398,Heerhugowaard,Noord-Holland,27,Overleden,0,9
2020-08-14,399,Heiloo,Noord-Holland,27,Totaal,0,51
2020-08-14,399,Heiloo,Noord-Holland,27,Ziekenhuisopname,0,9
2020-08-14,399,Heiloo,Noord-Holland,27,Overleden,0,8
2020-08-14,400,Den Helder,Noord-Holland,27,Totaal,1,51
2020-08-14,400,Den Helder,Noord-Holland,27,Ziekenhuisopname,0,12
2020-08-14,400,Den Helder,Noord-Holland,27,Overleden,0,2
2020-08-14,402,Hilversum,Noord-Holland,27,Totaal,5,269
2020-08-14,402,Hilversum,Noord-Holland,27,Ziekenhuisopname,0,34
2020-08-14,402,Hilversum,Noord-Holland,27,Overleden,0,24
2020-08-14,405,Hoorn,Noord-Holland,27,Totaal,2,133
2020-08-14,405,Hoorn,Noord-Holland,27,Ziekenhuisopname,0,35
2020-08-14,405,Hoorn,Noord-Holland,27,Overleden,0,12
2020-08-14,406,Huizen,Noord-Holland,27,Totaal,5,185
2020-08-14,406,Huizen,Noord-Holland,27,Ziekenhuisopname,0,22
2020-08-14,406,Huizen,Noord-Holland,27,Overleden,0,10
2020-08-14,415,Landsmeer,Noord-Holland,27,Totaal,0,27
2020-08-14,415,Landsmeer,Noord-Holland,27,Ziekenhuisopname,0,3
2020-08-14,415,Landsmeer,Noord-Holland,27,Overleden,0,3
2020-08-14,416,Langedijk,Noord-Holland,27,Totaal,0,54
2020-08-14,416,Langedijk,Noord-Holland,27,Ziekenhuisopname,0,16
2020-08-14,416,Langedijk,Noord-Holland,27,Overleden,0,4
2020-08-14,417,Laren,Noord-Holland,27,Totaal,0,32
2020-08-14,417,Laren,Noord-Holland,27,Ziekenhuisopname,0,8
2020-08-14,417,Laren,Noord-Holland,27,Overleden,0,2
2020-08-14,420,Medemblik,Noord-Holland,27,Totaal,0,79
2020-08-14,420,Medemblik,Noord-Holland,27,Ziekenhuisopname,0,19
2020-08-14,420,Medemblik,Noord-Holland,27,Overleden,0,6
2020-08-14,431,Oostzaan,Noord-Holland,27,Totaal,0,35
2020-08-14,431,Oostzaan,Noord-Holland,27,Ziekenhuisopname,0,10
2020-08-14,431,Oostzaan,Noord-Holland,27,Overleden,0,2
2020-08-14,432,Opmeer,Noord-Holland,27,Totaal,0,10
2020-08-14,432,Opmeer,Noord-Holland,27,Ziekenhuisopname,0,1
2020-08-14,432,Opmeer,Noord-Holland,27,Overleden,0,1
2020-08-14,437,Ouder-Amstel,Noord-Holland,27,Totaal,0,53
2020-08-14,437,Ouder-Amstel,Noord-Holland,27,Ziekenhuisopname,0,5
2020-08-14,437,Ouder-Amstel,Noord-Holland,27,Overleden,0,0
2020-08-14,439,Purmerend,Noord-Holland,27,Totaal,4,265
2020-08-14,439,Purmerend,Noord-Holland,27,Ziekenhuisopname,0,68
2020-08-14,439,Purmerend,Noord-Holland,27,Overleden,0,35
2020-08-14,441,Schagen,Noord-Holland,27,Totaal,1,80
2020-08-14,441,Schagen,Noord-Holland,27,Ziekenhuisopname,0,18
2020-08-14,441,Schagen,Noord-Holland,27,Overleden,0,10
2020-08-14,448,Texel,Noord-Holland,27,Totaal,0,11
2020-08-14,448,Texel,Noord-Holland,27,Ziekenhuisopname,0,5
2020-08-14,448,Texel,Noord-Holland,27,Overleden,0,2
2020-08-14,450,Uitgeest,Noord-Holland,27,Totaal,0,27
2020-08-14,450,Uitgeest,Noord-Holland,27,Ziekenhuisopname,0,5
2020-08-14,450,Uitgeest,Noord-Holland,27,Overleden,0,1
2020-08-14,451,Uithoorn,Noord-Holland,27,Totaal,1,69
2020-08-14,451,Uithoorn,Noord-Holland,27,Ziekenhuisopname,0,16
2020-08-14,451,Uithoorn,Noord-Holland,27,Overleden,0,2
2020-08-14,453,Velsen,Noord-Holland,27,Totaal,1,304
2020-08-14,453,Velsen,Noord-Holland,27,Ziekenhuisopname,0,32
2020-08-14,453,Velsen,Noord-Holland,27,Overleden,0,39
2020-08-14,457,Weesp,Noord-Holland,27,Totaal,0,91
2020-08-14,457,Weesp,Noord-Holland,27,Ziekenhuisopname,0,9
2020-08-14,457,Weesp,Noord-Holland,27,Overleden,0,13
2020-08-14,473,Zandvoort,Noord-Holland,27,Totaal,8,65
2020-08-14,473,Zandvoort,Noord-Holland,27,Ziekenhuisopname,0,10
2020-08-14,473,Zandvoort,Noord-Holland,27,Overleden,0,8
2020-08-14,479,Zaanstad,Noord-Holland,27,Totaal,4,539
2020-08-14,479,Zaanstad,Noord-Holland,27,Ziekenhuisopname,0,121
2020-08-14,479,Zaanstad,Noord-Holland,27,Overleden,0,48
2020-08-14,482,Alblasserdam,Zuid-Holland,28,Totaal,1,52
2020-08-14,482,Alblasserdam,Zuid-Holland,28,Ziekenhuisopname,0,11
2020-08-14,482,Alblasserdam,Zuid-Holland,28,Overleden,0,4
2020-08-14,484,Alphen aan den Rijn,Zuid-Holland,28,Totaal,3,259
2020-08-14,484,Alphen aan den Rijn,Zuid-Holland,28,Ziekenhuisopname,0,62
2020-08-14,484,Alphen aan den Rijn,Zuid-Holland,28,Overleden,0,25
2020-08-14,489,Barendrecht,Zuid-Holland,28,Totaal,0,188
2020-08-14,489,Barendrecht,Zuid-Holland,28,Ziekenhuisopname,0,40
2020-08-14,489,Barendrecht,Zuid-Holland,28,Overleden,0,12
2020-08-14,498,Drechterland,Noord-Holland,27,Totaal,0,46
2020-08-14,498,Drechterland,Noord-Holland,27,Ziekenhuisopname,0,5
2020-08-14,498,Drechterland,Noord-Holland,27,Overleden,0,8
2020-08-14,501,Brielle,Zuid-Holland,28,Totaal,0,40
2020-08-14,501,Brielle,Zuid-Holland,28,Ziekenhuisopname,0,11
2020-08-14,501,Brielle,Zuid-Holland,28,Overleden,0,0
2020-08-14,502,Capelle aan den IJssel,Zuid-Holland,28,Totaal,5,417
2020-08-14,502,Capelle aan den IJssel,Zuid-Holland,28,Ziekenhuisopname,0,56
2020-08-14,502,Capelle aan den IJssel,Zuid-Holland,28,Overleden,0,54
2020-08-14,503,Delft,Zuid-Holland,28,Totaal,7,219
2020-08-14,503,Delft,Zuid-Holland,28,Ziekenhuisopname,0,38
2020-08-14,503,Delft,Zuid-Holland,28,Overleden,0,12
2020-08-14,505,Dordrecht,Zuid-Holland,28,Totaal,2,653
2020-08-14,505,Dordrecht,Zuid-Holland,28,Ziekenhuisopname,0,88
2020-08-14,505,Dordrecht,Zuid-Holland,28,Overleden,0,62
2020-08-14,512,Gorinchem,Zuid-Holland,28,Totaal,0,201
2020-08-14,512,Gorinchem,Zuid-Holland,28,Ziekenhuisopname,1,19
2020-08-14,512,Gorinchem,Zuid-Holland,28,Overleden,0,15
2020-08-14,513,Gouda,Zuid-Holland,28,Totaal,7,433
2020-08-14,513,Gouda,Zuid-Holland,28,Ziekenhuisopname,0,45
2020-08-14,513,Gouda,Zuid-Holland,28,Overleden,0,41
2020-08-14,518,'s-Gravenhage,Zuid-Holland,28,Totaal,54,2642
2020-08-14,518,'s-Gravenhage,Zuid-Holland,28,Ziekenhuisopname,1,352
2020-08-14,518,'s-Gravenhage,Zuid-Holland,28,Overleden,0,250
2020-08-14,523,Hardinxveld-Giessendam,Zuid-Holland,28,Totaal,1,45
2020-08-14,523,Hardinxveld-Giessendam,Zuid-Holland,28,Ziekenhuisopname,0,2
2020-08-14,523,Hardinxveld-Giessendam,Zuid-Holland,28,Overleden,0,2
2020-08-14,530,Hellevoetsluis,Zuid-Holland,28,Totaal,0,97
2020-08-14,530,Hellevoetsluis,Zuid-Holland,28,Ziekenhuisopname,0,16
2020-08-14,530,Hellevoetsluis,Zuid-Holland,28,Overleden,0,3
2020-08-14,531,Hendrik-Ido-Ambacht,Zuid-Holland,28,Totaal,0,93
2020-08-14,531,Hendrik-Ido-Ambacht,Zuid-Holland,28,Ziekenhuisopname,0,10
2020-08-14,531,Hendrik-Ido-Ambacht,Zuid-Holland,28,Overleden,0,6
2020-08-14,532,Stede Broec,Noord-Holland,27,Totaal,0,52
2020-08-14,532,Stede Broec,Noord-Holland,27,Ziekenhuisopname,0,18
2020-08-14,532,Stede Broec,Noord-Holland,27,Overleden,0,5
2020-08-14,534,Hillegom,Zuid-Holland,28,Totaal,1,84
2020-08-14,534,Hillegom,Zuid-Holland,28,Ziekenhuisopname,0,8
2020-08-14,534,Hillegom,Zuid-Holland,28,Overleden,0,2
2020-08-14,537,Katwijk,Zuid-Holland,28,Totaal,2,296
2020-08-14,537,Katwijk,Zuid-Holland,28,Ziekenhuisopname,0,31
2020-08-14,537,Katwijk,Zuid-Holland,28,Overleden,0,15
2020-08-14,542,Krimpen aan den IJssel,Zuid-Holland,28,Totaal,1,101
2020-08-14,542,Krimpen aan den IJssel,Zuid-Holland,28,Ziekenhuisopname,0,11
2020-08-14,542,Krimpen aan den IJssel,Zuid-Holland,28,Overleden,0,8
2020-08-14,546,Leiden,Zuid-Holland,28,Totaal,4,246
2020-08-14,546,Leiden,Zuid-Holland,28,Ziekenhuisopname,0,41
2020-08-14,546,Leiden,Zuid-Holland,28,Overleden,0,18
2020-08-14,547,Leiderdorp,Zuid-Holland,28,Totaal,1,50
2020-08-14,547,Leiderdorp,Zuid-Holland,28,Ziekenhuisopname,0,14
2020-08-14,547,Leiderdorp,Zuid-Holland,28,Overleden,0,6
2020-08-14,553,Lisse,Zuid-Holland,28,Totaal,0,42
2020-08-14,553,Lisse,Zuid-Holland,28,Ziekenhuisopname,0,8
2020-08-14,553,Lisse,Zuid-Holland,28,Overleden,0,2
2020-08-14,556,Maassluis,Zuid-Holland,28,Totaal,4,129
2020-08-14,556,Maassluis,Zuid-Holland,28,Ziekenhuisopname,0,20
2020-08-14,556,Maassluis,Zuid-Holland,28,Overleden,0,9
2020-08-14,569,Nieuwkoop,Zuid-Holland,28,Totaal,0,59
2020-08-14,569,Nieuwkoop,Zuid-Holland,28,Ziekenhuisopname,0,9
2020-08-14,569,Nieuwkoop,Zuid-Holland,28,Overleden,0,5
2020-08-14,575,Noordwijk,Zuid-Holland,28,Totaal,2,67
2020-08-14,575,Noordwijk,Zuid-Holland,28,Ziekenhuisopname,0,19
2020-08-14,575,Noordwijk,Zuid-Holland,28,Overleden,0,3
2020-08-14,579,Oegstgeest,Zuid-Holland,28,Totaal,1,50
2020-08-14,579,Oegstgeest,Zuid-Holland,28,Ziekenhuisopname,0,8
2020-08-14,579,Oegstgeest,Zuid-Holland,28,Overleden,0,3
2020-08-14,589,Oudewater,Utrecht,26,Totaal,0,65
2020-08-14,589,Oudewater,Utrecht,26,Ziekenhuisopname,0,26
2020-08-14,589,Oudewater,Utrecht,26,Overleden,0,9
2020-08-14,590,Papendrecht,Zuid-Holland,28,Totaal,1,92
2020-08-14,590,Papendrecht,Zuid-Holland,28,Ziekenhuisopname,0,9
2020-08-14,590,Papendrecht,Zuid-Holland,28,Overleden,0,8
2020-08-14,597,Ridderkerk,Zuid-Holland,28,Totaal,1,201
2020-08-14,597,Ridderkerk,Zuid-Holland,28,Ziekenhuisopname,0,37
2020-08-14,597,Ridderkerk,Zuid-Holland,28,Overleden,0,16
2020-08-14,599,Rotterdam,Zuid-Holland,28,Totaal,74,4704
2020-08-14,599,Rotterdam,Zuid-Holland,28,Ziekenhuisopname,3,545
2020-08-14,599,Rotterdam,Zuid-Holland,28,Overleden,1,350
2020-08-14,603,Rijswijk,Zuid-Holland,28,Totaal,5,214
2020-08-14,603,Rijswijk,Zuid-Holland,28,Ziekenhuisopname,1,38
2020-08-14,603,Rijswijk,Zuid-Holland,28,Overleden,0,22
2020-08-14,606,Schiedam,Zuid-Holland,28,Totaal,10,422
2020-08-14,606,Schiedam,Zuid-Holland,28,Ziekenhuisopname,0,58
2020-08-14,606,Schiedam,Zuid-Holland,28,Overleden,0,23
2020-08-14,610,Sliedrecht,Zuid-Holland,28,Totaal,1,73
2020-08-14,610,Sliedrecht,Zuid-Holland,28,Ziekenhuisopname,0,9
2020-08-14,610,Sliedrecht,Zuid-Holland,28,Overleden,0,5
2020-08-14,613,Albrandswaard,Zuid-Holland,28,Totaal,0,132
2020-08-14,613,Albrandswaard,Zuid-Holland,28,Ziekenhuisopname,0,14
2020-08-14,613,Albrandswaard,Zuid-Holland,28,Overleden,0,8
2020-08-14,614,Westvoorne,Zuid-Holland,28,Totaal,0,34
2020-08-14,614,Westvoorne,Zuid-Holland,28,Ziekenhuisopname,0,6
2020-08-14,614,Westvoorne,Zuid-Holland,28,Overleden,0,0
2020-08-14,622,Vlaardingen,Zuid-Holland,28,Totaal,4,415
2020-08-14,622,Vlaardingen,Zuid-Holland,28,Ziekenhuisopname,0,43
2020-08-14,622,Vlaardingen,Zuid-Holland,28,Overleden,0,30
2020-08-14,626,Voorschoten,Zuid-Holland,28,Totaal,0,73
2020-08-14,626,Voorschoten,Zuid-Holland,28,Ziekenhuisopname,0,9
2020-08-14,626,Voorschoten,Zuid-Holland,28,Overleden,0,11
2020-08-14,627,Waddinxveen,Zuid-Holland,28,Totaal,1,139
2020-08-14,627,Waddinxveen,Zuid-Holland,28,Ziekenhuisopname,0,18
2020-08-14,627,Waddinxveen,Zuid-Holland,28,Overleden,0,7
2020-08-14,629,Wassenaar,Zuid-Holland,28,Totaal,0,67
2020-08-14,629,Wassenaar,Zuid-Holland,28,Ziekenhuisopname,0,9
2020-08-14,629,Wassenaar,Zuid-Holland,28,Overleden,0,12
2020-08-14,632,Woerden,Utrecht,26,Totaal,0,198
2020-08-14,632,Woerden,Utrecht,26,Ziekenhuisopname,0,49
2020-08-14,632,Woerden,Utrecht,26,Overleden,0,20
2020-08-14,637,Zoetermeer,Zuid-Holland,28,Totaal,9,320
2020-08-14,637,Zoetermeer,Zuid-Holland,28,Ziekenhuisopname,0,53
2020-08-14,637,Zoetermeer,Zuid-Holland,28,Overleden,0,14
2020-08-14,638,Zoeterwoude,Zuid-Holland,28,Totaal,0,18
2020-08-14,638,Zoeterwoude,Zuid-Holland,28,Ziekenhuisopname,0,3
2020-08-14,638,Zoeterwoude,Zuid-Holland,28,Overleden,0,1
2020-08-14,642,Zwijndrecht,Zuid-Holland,28,Totaal,2,196
2020-08-14,642,Zwijndrecht,Zuid-Holland,28,Ziekenhuisopname,0,23
2020-08-14,642,Zwijndrecht,Zuid-Holland,28,Overleden,0,26
2020-08-14,654,Borsele,Zeeland,29,Totaal,0,29
2020-08-14,654,Borsele,Zeeland,29,Ziekenhuisopname,0,5
2020-08-14,654,Borsele,Zeeland,29,Overleden,0,0
2020-08-14,664,Goes,Zeeland,29,Totaal,0,164
2020-08-14,664,Goes,Zeeland,29,Ziekenhuisopname,0,12
2020-08-14,664,Goes,Zeeland,29,Overleden,0,11
2020-08-14,668,West Maas en Waal,Gelderland,25,Totaal,0,85
2020-08-14,668,West Maas en Waal,Gelderland,25,Ziekenhuisopname,0,20
2020-08-14,668,West Maas en Waal,Gelderland,25,Overleden,0,9
2020-08-14,677,Hulst,Zeeland,29,Totaal,1,36
2020-08-14,677,Hulst,Zeeland,29,Ziekenhuisopname,0,9
2020-08-14,677,Hulst,Zeeland,29,Overleden,0,5
2020-08-14,678,Kapelle,Zeeland,29,Totaal,0,30
2020-08-14,678,Kapelle,Zeeland,29,Ziekenhuisopname,0,3
2020-08-14,678,Kapelle,Zeeland,29,Overleden,0,1
2020-08-14,687,Middelburg,Zeeland,29,Totaal,2,94
2020-08-14,687,Middelburg,Zeeland,29,Ziekenhuisopname,0,18
2020-08-14,687,Middelburg,Zeeland,29,Overleden,0,10
2020-08-14,703,Reimerswaal,Zeeland,29,Totaal,0,43
2020-08-14,703,Reimerswaal,Zeeland,29,Ziekenhuisopname,0,4
2020-08-14,703,Reimerswaal,Zeeland,29,Overleden,0,2
2020-08-14,715,Terneuzen,Zeeland,29,Totaal,0,122
2020-08-14,715,Terneuzen,Zeeland,29,Ziekenhuisopname,0,25
2020-08-14,715,Terneuzen,Zeeland,29,Overleden,0,4
2020-08-14,716,Tholen,Zeeland,29,Totaal,0,177
2020-08-14,716,Tholen,Zeeland,29,Ziekenhuisopname,0,40
2020-08-14,716,Tholen,Zeeland,29,Overleden,0,16
2020-08-14,717,Veere,Zeeland,29,Totaal,0,42
2020-08-14,717,Veere,Zeeland,29,Ziekenhuisopname,0,6
2020-08-14,717,Veere,Zeeland,29,Overleden,0,2
2020-08-14,718,Vlissingen,Zeeland,29,Totaal,0,86
2020-08-14,718,Vlissingen,Zeeland,29,Ziekenhuisopname,0,9
2020-08-14,718,Vlissingen,Zeeland,29,Overleden,0,5
2020-08-14,736,De Ronde Venen,Utrecht,26,Totaal,2,122
2020-08-14,736,De Ronde Venen,Utrecht,26,Ziekenhuisopname,0,39
2020-08-14,736,De Ronde Venen,Utrecht,26,Overleden,0,13
2020-08-14,737,Tytsjerksteradiel,Friesland,21,Totaal,0,19
2020-08-14,737,Tytsjerksteradiel,Friesland,21,Ziekenhuisopname,0,4
2020-08-14,737,Tytsjerksteradiel,Friesland,21,Overleden,0,1
2020-08-14,743,Asten,Noord-Brabant,30,Totaal,0,79
2020-08-14,743,Asten,Noord-Brabant,30,Ziekenhuisopname,0,18
2020-08-14,743,Asten,Noord-Brabant,30,Overleden,0,12
2020-08-14,744,Baarle-Nassau,Noord-Brabant,30,Totaal,0,27
2020-08-14,744,Baarle-Nassau,Noord-Brabant,30,Ziekenhuisopname,0,9
2020-08-14,744,Baarle-Nassau,Noord-Brabant,30,Overleden,0,2
2020-08-14,748,Bergen op Zoom,Noord-Brabant,30,Totaal,1,372
2020-08-14,748,Bergen op Zoom,Noord-Brabant,30,Ziekenhuisopname,0,26
2020-08-14,748,Bergen op Zoom,Noord-Brabant,30,Overleden,0,13
2020-08-14,753,Best,Noord-Brabant,30,Totaal,1,90
2020-08-14,753,Best,Noord-Brabant,30,Ziekenhuisopname,0,31
2020-08-14,753,Best,Noord-Brabant,30,Overleden,0,10
2020-08-14,755,Boekel,Noord-Brabant,30,Totaal,0,89
2020-08-14,755,Boekel,Noord-Brabant,30,Ziekenhuisopname,0,34
2020-08-14,755,Boekel,Noord-Brabant,30,Overleden,0,20
2020-08-14,756,Boxmeer,Noord-Brabant,30,Totaal,0,130
2020-08-14,756,Boxmeer,Noord-Brabant,30,Ziekenhuisopname,0,20
2020-08-14,756,Boxmeer,Noord-Brabant,30,Overleden,0,27
2020-08-14,757,Boxtel,Noord-Brabant,30,Totaal,1,136
2020-08-14,757,Boxtel,Noord-Brabant,30,Ziekenhuisopname,0,24
2020-08-14,757,Boxtel,Noord-Brabant,30,Overleden,0,26
2020-08-14,758,Breda,Noord-Brabant,30,Totaal,7,776
2020-08-14,758,Breda,Noord-Brabant,30,Ziekenhuisopname,0,146
2020-08-14,758,Breda,Noord-Brabant,30,Overleden,0,65
2020-08-14,762,Deurne,Noord-Brabant,30,Totaal,2,201
2020-08-14,762,Deurne,Noord-Brabant,30,Ziekenhuisopname,0,55
2020-08-14,762,Deurne,Noord-Brabant,30,Overleden,0,24
2020-08-14,765,Pekela,Groningen,20,Totaal,1,7
2020-08-14,765,Pekela,Groningen,20,Ziekenhuisopname,0,4
2020-08-14,765,Pekela,Groningen,20,Overleden,0,0
2020-08-14,766,Dongen,Noord-Brabant,30,Totaal,0,91
2020-08-14,766,Dongen,Noord-Brabant,30,Ziekenhuisopname,0,20
2020-08-14,766,Dongen,Noord-Brabant,30,Overleden,0,13
2020-08-14,770,Eersel,Noord-Brabant,30,Totaal,0,70
2020-08-14,770,Eersel,Noord-Brabant,30,Ziekenhuisopname,0,27
2020-08-14,770,Eersel,Noord-Brabant,30,Overleden,0,10
2020-08-14,772,Eindhoven,Noord-Brabant,30,Totaal,5,634
2020-08-14,772,Eindhoven,Noord-Brabant,30,Ziekenhuisopname,0,182
2020-08-14,772,Eindhoven,Noord-Brabant,30,Overleden,0,86
2020-08-14,777,Etten-Leur,Noord-Brabant,30,Totaal,0,232
2020-08-14,777,Etten-Leur,Noord-Brabant,30,Ziekenhuisopname,0,42
2020-08-14,777,Etten-Leur,Noord-Brabant,30,Overleden,0,30
2020-08-14,779,Geertruidenberg,Noord-Brabant,30,Totaal,0,49
2020-08-14,779,Geertruidenberg,Noord-Brabant,30,Ziekenhuisopname,0,11
2020-08-14,779,Geertruidenberg,Noord-Brabant,30,Overleden,0,6
2020-08-14,784,Gilze en Rijen,Noord-Brabant,30,Totaal,0,93
2020-08-14,784,Gilze en Rijen,Noord-Brabant,30,Ziekenhuisopname,0,20
2020-08-14,784,Gilze en Rijen,Noord-Brabant,30,Overleden,0,15
2020-08-14,785,Goirle,Noord-Brabant,30,Totaal,0,93
2020-08-14,785,Goirle,Noord-Brabant,30,Ziekenhuisopname,0,32
2020-08-14,785,Goirle,Noord-Brabant,30,Overleden,0,17
2020-08-14,786,Grave,Noord-Brabant,30,Totaal,0,71
2020-08-14,786,Grave,Noord-Brabant,30,Ziekenhuisopname,0,21
2020-08-14,786,Grave,Noord-Brabant,30,Overleden,0,11
2020-08-14,788,Haaren,Noord-Brabant,30,Totaal,0,59
2020-08-14,788,Haaren,Noord-Brabant,30,Ziekenhuisopname,0,18
2020-08-14,788,Haaren,Noord-Brabant,30,Overleden,0,8
2020-08-14,794,Helmond,Noord-Brabant,30,Totaal,4,473
2020-08-14,794,Helmond,Noord-Brabant,30,Ziekenhuisopname,1,116
2020-08-14,794,Helmond,Noord-Brabant,30,Overleden,0,43
2020-08-14,796,'s-Hertogenbosch,Noord-Brabant,30,Totaal,7,576
2020-08-14,796,'s-Hertogenbosch,Noord-Brabant,30,Ziekenhuisopname,0,128
2020-08-14,796,'s-Hertogenbosch,Noord-Brabant,30,Overleden,0,78
2020-08-14,797,Heusden,Noord-Brabant,30,Totaal,0,176
2020-08-14,797,Heusden,Noord-Brabant,30,Ziekenhuisopname,0,45
2020-08-14,797,Heusden,Noord-Brabant,30,Overleden,0,23
2020-08-14,798,Hilvarenbeek,Noord-Brabant,30,Totaal,0,52
2020-08-14,798,Hilvarenbeek,Noord-Brabant,30,Ziekenhuisopname,0,9
2020-08-14,798,Hilvarenbeek,Noord-Brabant,30,Overleden,0,6
2020-08-14,809,Loon op Zand,Noord-Brabant,30,Totaal,0,66
2020-08-14,809,Loon op Zand,Noord-Brabant,30,Ziekenhuisopname,0,25
2020-08-14,809,Loon op Zand,Noord-Brabant,30,Overleden,0,7
2020-08-14,815,Mill en Sint Hubert,Noord-Brabant,30,Totaal,0,43
2020-08-14,815,Mill en Sint Hubert,Noord-Brabant,30,Ziekenhuisopname,0,9
2020-08-14,815,Mill en Sint Hubert,Noord-Brabant,30,Overleden,0,5
2020-08-14,820,"Nuenen, Gerwen en Nederwetten",Noord-Brabant,30,Totaal,0,55
2020-08-14,820,"Nuenen, Gerwen en Nederwetten",Noord-Brabant,30,Ziekenhuisopname,0,18
2020-08-14,820,"Nuenen, Gerwen en Nederwetten",Noord-Brabant,30,Overleden,0,9
2020-08-14,823,Oirschot,Noord-Brabant,30,Totaal,0,73
2020-08-14,823,Oirschot,Noord-Brabant,30,Ziekenhuisopname,0,13
2020-08-14,823,Oirschot,Noord-Brabant,30,Overleden,0,9
2020-08-14,824,Oisterwijk,Noord-Brabant,30,Totaal,1,84
2020-08-14,824,Oisterwijk,Noord-Brabant,30,Ziekenhuisopname,0,23
2020-08-14,824,Oisterwijk,Noord-Brabant,30,Overleden,0,11
2020-08-14,826,Oosterhout,Noord-Brabant,30,Totaal,2,176
2020-08-14,826,Oosterhout,Noord-Brabant,30,Ziekenhuisopname,0,48
2020-08-14,826,Oosterhout,Noord-Brabant,30,Overleden,0,17
2020-08-14,828,Oss,Noord-Brabant,30,Totaal,1,518
2020-08-14,828,Oss,Noord-Brabant,30,Ziekenhuisopname,0,165
2020-08-14,828,Oss,Noord-Brabant,30,Overleden,0,88
2020-08-14,840,Rucphen,Noord-Brabant,30,Totaal,0,72
2020-08-14,840,Rucphen,Noord-Brabant,30,Ziekenhuisopname,0,10
2020-08-14,840,Rucphen,Noord-Brabant,30,Overleden,0,10
2020-08-14,845,Sint-Michielsgestel,Noord-Brabant,30,Totaal,1,124
2020-08-14,845,Sint-Michielsgestel,Noord-Brabant,30,Ziekenhuisopname,0,36
2020-08-14,845,Sint-Michielsgestel,Noord-Brabant,30,Overleden,0,19
2020-08-14,847,Someren,Noord-Brabant,30,Totaal,1,110
2020-08-14,847,Someren,Noord-Brabant,30,Ziekenhuisopname,0,33
2020-08-14,847,Someren,Noord-Brabant,30,Overleden,0,8
2020-08-14,848,Son en Breugel,Noord-Brabant,30,Totaal,0,76
2020-08-14,848,Son en Breugel,Noord-Brabant,30,Ziekenhuisopname,0,31
2020-08-14,848,Son en Breugel,Noord-Brabant,30,Overleden,0,14
2020-08-14,851,Steenbergen,Noord-Brabant,30,Totaal,1,104
2020-08-14,851,Steenbergen,Noord-Brabant,30,Ziekenhuisopname,0,13
2020-08-14,851,Steenbergen,Noord-Brabant,30,Overleden,0,13
2020-08-14,852,Waterland,Noord-Holland,27,Totaal,0,40
2020-08-14,852,Waterland,Noord-Holland,27,Ziekenhuisopname,0,16
2020-08-14,852,Waterland,Noord-Holland,27,Overleden,0,4
2020-08-14,855,Tilburg,Noord-Brabant,30,Totaal,15,947
2020-08-14,855,Tilburg,Noord-Brabant,30,Ziekenhuisopname,0,251
2020-08-14,855,Tilburg,Noord-Brabant,30,Overleden,0,163
2020-08-14,856,Uden,Noord-Brabant,30,Totaal,0,269
2020-08-14,856,Uden,Noord-Brabant,30,Ziekenhuisopname,0,115
2020-08-14,856,Uden,Noord-Brabant,30,Overleden,0,63
2020-08-14,858,Valkenswaard,Noord-Brabant,30,Totaal,0,188
2020-08-14,858,Valkenswaard,Noord-Brabant,30,Ziekenhuisopname,0,19
2020-08-14,858,Valkenswaard,Noord-Brabant,30,Overleden,0,37
2020-08-14,861,Veldhoven,Noord-Brabant,30,Totaal,1,143
2020-08-14,861,Veldhoven,Noord-Brabant,30,Ziekenhuisopname,0,31
2020-08-14,861,Veldhoven,Noord-Brabant,30,Overleden,0,16
2020-08-14,865,Vught,Noord-Brabant,30,Totaal,0,111
2020-08-14,865,Vught,Noord-Brabant,30,Ziekenhuisopname,0,43
2020-08-14,865,Vught,Noord-Brabant,30,Overleden,0,17
2020-08-14,866,Waalre,Noord-Brabant,30,Totaal,1,35
2020-08-14,866,Waalre,Noord-Brabant,30,Ziekenhuisopname,0,7
2020-08-14,866,Waalre,Noord-Brabant,30,Overleden,0,5
2020-08-14,867,Waalwijk,Noord-Brabant,30,Totaal,2,210
2020-08-14,867,Waalwijk,Noord-Brabant,30,Ziekenhuisopname,0,36
2020-08-14,867,Waalwijk,Noord-Brabant,30,Overleden,0,37
2020-08-14,873,Woensdrecht,Noord-Brabant,30,Totaal,1,85
2020-08-14,873,Woensdrecht,Noord-Brabant,30,Ziekenhuisopname,0,5
2020-08-14,873,Woensdrecht,Noord-Brabant,30,Overleden,0,7
2020-08-14,879,Zundert,Noord-Brabant,30,Totaal,0,116
2020-08-14,879,Zundert,Noord-Brabant,30,Ziekenhuisopname,0,24
2020-08-14,879,Zundert,Noord-Brabant,30,Overleden,0,11
2020-08-14,880,Wormerland,Noord-Holland,27,Totaal,0,52
2020-08-14,880,Wormerland,Noord-Holland,27,Ziekenhuisopname,0,20
2020-08-14,880,Wormerland,Noord-Holland,27,Overleden,0,6
2020-08-14,882,Landgraaf,Limburg,31,Totaal,0,146
2020-08-14,882,Landgraaf,Limburg,31,Ziekenhuisopname,0,52
2020-08-14,882,Landgraaf,Limburg,31,Overleden,0,13
2020-08-14,888,Beek,Limburg,31,Totaal,0,44
2020-08-14,888,Beek,Limburg,31,Ziekenhuisopname,0,16
2020-08-14,888,Beek,Limburg,31,Overleden,0,6
2020-08-14,889,Beesel,Limburg,31,Totaal,0,46
2020-08-14,889,Beesel,Limburg,31,Ziekenhuisopname,0,20
2020-08-14,889,Beesel,Limburg,31,Overleden,0,8
2020-08-14,893,Bergen (L.),Limburg,31,Totaal,0,25
2020-08-14,893,Bergen (L.),Limburg,31,Ziekenhuisopname,0,7
2020-08-14,893,Bergen (L.),Limburg,31,Overleden,0,2
2020-08-14,899,Brunssum,Limburg,31,Totaal,0,113
2020-08-14,899,Brunssum,Limburg,31,Ziekenhuisopname,0,44
2020-08-14,899,Brunssum,Limburg,31,Overleden,0,19
2020-08-14,907,Gennep,Limburg,31,Totaal,0,58
2020-08-14,907,Gennep,Limburg,31,Ziekenhuisopname,0,16
2020-08-14,907,Gennep,Limburg,31,Overleden,0,10
2020-08-14,917,Heerlen,Limburg,31,Totaal,0,396
2020-08-14,917,Heerlen,Limburg,31,Ziekenhuisopname,0,125
2020-08-14,917,Heerlen,Limburg,31,Overleden,0,54
2020-08-14,928,Kerkrade,Limburg,31,Totaal,0,208
2020-08-14,928,Kerkrade,Limburg,31,Ziekenhuisopname,0,64
2020-08-14,928,Kerkrade,Limburg,31,Overleden,0,35
2020-08-14,935,Maastricht,Limburg,31,Totaal,2,947
2020-08-14,935,Maastricht,Limburg,31,Ziekenhuisopname,0,188
2020-08-14,935,Maastricht,Limburg,31,Overleden,0,140
2020-08-14,938,Meerssen,Limburg,31,Totaal,1,121
2020-08-14,938,Meerssen,Limburg,31,Ziekenhuisopname,0,22
2020-08-14,938,Meerssen,Limburg,31,Overleden,0,13
2020-08-14,944,Mook en Middelaar,Limburg,31,Totaal,0,41
2020-08-14,944,Mook en Middelaar,Limburg,31,Ziekenhuisopname,0,6
2020-08-14,944,Mook en Middelaar,Limburg,31,Overleden,0,5
2020-08-14,946,Nederweert,Limburg,31,Totaal,0,54
2020-08-14,946,Nederweert,Limburg,31,Ziekenhuisopname,0,31
2020-08-14,946,Nederweert,Limburg,31,Overleden,0,7
2020-08-14,957,Roermond,Limburg,31,Totaal,4,158
2020-08-14,957,Roermond,Limburg,31,Ziekenhuisopname,0,59
2020-08-14,957,Roermond,Limburg,31,Overleden,0,23
2020-08-14,965,Simpelveld,Limburg,31,Totaal,0,49
2020-08-14,965,Simpelveld,Limburg,31,Ziekenhuisopname,0,19
2020-08-14,965,Simpelveld,Limburg,31,Overleden,0,5
2020-08-14,971,Stein,Limburg,31,Totaal,0,122
2020-08-14,971,Stein,Limburg,31,Ziekenhuisopname,0,43
2020-08-14,971,Stein,Limburg,31,Overleden,0,15
2020-08-14,981,Vaals,Limburg,31,Totaal,0,31
2020-08-14,981,Vaals,Limburg,31,Ziekenhuisopname,0,10
2020-08-14,981,Vaals,Limburg,31,Overleden,0,2
2020-08-14,983,Venlo,Limburg,31,Totaal,2,346
2020-08-14,983,Venlo,Limburg,31,Ziekenhuisopname,0,129
2020-08-14,983,Venlo,Limburg,31,Overleden,0,63
2020-08-14,984,Venray,Limburg,31,Totaal,0,134
2020-08-14,984,Venray,Limburg,31,Ziekenhuisopname,0,37
2020-08-14,984,Venray,Limburg,31,Overleden,0,17
2020-08-14,986,Voerendaal,Limburg,31,Totaal,0,48
2020-08-14,986,Voerendaal,Limburg,31,Ziekenhuisopname,0,17
2020-08-14,986,Voerendaal,Limburg,31,Overleden,0,8
2020-08-14,988,Weert,Limburg,31,Totaal,0,146
2020-08-14,988,Weert,Limburg,31,Ziekenhuisopname,0,67
2020-08-14,988,Weert,Limburg,31,Overleden,0,14
2020-08-14,994,Valkenburg aan de Geul,Limburg,31,Totaal,0,88
2020-08-14,994,Valkenburg aan de Geul,Limburg,31,Ziekenhuisopname,0,19
2020-08-14,994,Valkenburg aan de Geul,Limburg,31,Overleden,0,7
2020-08-14,995,Lelystad,Flevoland,24,Totaal,0,208
2020-08-14,995,Lelystad,Flevoland,24,Ziekenhuisopname,0,64
2020-08-14,995,Lelystad,Flevoland,24,Overleden,0,29
2020-08-14,1507,Horst aan de Maas,Limburg,31,Totaal,0,143
2020-08-14,1507,Horst aan de Maas,Limburg,31,Ziekenhuisopname,0,41
2020-08-14,1507,Horst aan de Maas,Limburg,31,Overleden,0,24
2020-08-14,1509,Oude IJsselstreek,Gelderland,25,Totaal,1,81
2020-08-14,1509,Oude IJsselstreek,Gelderland,25,Ziekenhuisopname,0,21
2020-08-14,1509,Oude IJsselstreek,Gelderland,25,Overleden,0,9
2020-08-14,1525,Teylingen,Zuid-Holland,28,Totaal,0,79
2020-08-14,1525,Teylingen,Zuid-Holland,28,Ziekenhuisopname,0,15
2020-08-14,1525,Teylingen,Zuid-Holland,28,Overleden,0,2
2020-08-14,1581,Utrechtse Heuvelrug,Utrecht,26,Totaal,0,137
2020-08-14,1581,Utrechtse Heuvelrug,Utrecht,26,Ziekenhuisopname,0,28
2020-08-14,1581,Utrechtse Heuvelrug,Utrecht,26,Overleden,0,14
2020-08-14,1586,Oost Gelre,Gelderland,25,Totaal,0,77
2020-08-14,1586,Oost Gelre,Gelderland,25,Ziekenhuisopname,0,18
2020-08-14,1586,Oost Gelre,Gelderland,25,Overleden,0,6
2020-08-14,1598,Koggenland,Noord-Holland,27,Totaal,0,39
2020-08-14,1598,Koggenland,Noord-Holland,27,Ziekenhuisopname,0,6
2020-08-14,1598,Koggenland,Noord-Holland,27,Overleden,0,6
2020-08-14,1621,Lansingerland,Zuid-Holland,28,Totaal,4,247
2020-08-14,1621,Lansingerland,Zuid-Holland,28,Ziekenhuisopname,0,43
2020-08-14,1621,Lansingerland,Zuid-Holland,28,Overleden,0,25
2020-08-14,1640,Leudal,Limburg,31,Totaal,1,196
2020-08-14,1640,Leudal,Limburg,31,Ziekenhuisopname,1,54
2020-08-14,1640,Leudal,Limburg,31,Overleden,0,33
2020-08-14,1641,Maasgouw,Limburg,31,Totaal,0,108
2020-08-14,1641,Maasgouw,Limburg,31,Ziekenhuisopname,0,27
2020-08-14,1641,Maasgouw,Limburg,31,Overleden,0,14
2020-08-14,1652,Gemert-Bakel,Noord-Brabant,30,Totaal,0,226
2020-08-14,1652,Gemert-Bakel,Noord-Brabant,30,Ziekenhuisopname,0,79
2020-08-14,1652,Gemert-Bakel,Noord-Brabant,30,Overleden,0,32
2020-08-14,1655,Halderberge,Noord-Brabant,30,Totaal,2,77
2020-08-14,1655,Halderberge,Noord-Brabant,30,Ziekenhuisopname,0,14
2020-08-14,1655,Halderberge,Noord-Brabant,30,Overleden,0,7
2020-08-14,1658,Heeze-Leende,Noord-Brabant,30,Totaal,2,75
2020-08-14,1658,Heeze-Leende,Noord-Brabant,30,Ziekenhuisopname,0,16
2020-08-14,1658,Heeze-Leende,Noord-Brabant,30,Overleden,0,8
2020-08-14,1659,Laarbeek,Noord-Brabant,30,Totaal,0,125
2020-08-14,1659,Laarbeek,Noord-Brabant,30,Ziekenhuisopname,0,41
2020-08-14,1659,Laarbeek,Noord-Brabant,30,Overleden,0,26
2020-08-14,1667,Reusel-De Mierden,Noord-Brabant,30,Totaal,0,26
2020-08-14,1667,Reusel-De Mierden,Noord-Brabant,30,Ziekenhuisopname,0,11
2020-08-14,1667,Reusel-De Mierden,Noord-Brabant,30,Overleden,0,2
2020-08-14,1669,Roerdalen,Limburg,31,Totaal,0,51
2020-08-14,1669,Roerdalen,Limburg,31,Ziekenhuisopname,0,27
2020-08-14,1669,Roerdalen,Limburg,31,Overleden,0,8
2020-08-14,1674,Roosendaal,Noord-Brabant,30,Totaal,4,303
2020-08-14,1674,Roosendaal,Noord-Brabant,30,Ziekenhuisopname,0,29
2020-08-14,1674,Roosendaal,Noord-Brabant,30,Overleden,0,22
2020-08-14,1676,Schouwen-Duiveland,Zeeland,29,Totaal,0,99
2020-08-14,1676,Schouwen-Duiveland,Zeeland,29,Ziekenhuisopname,0,11
2020-08-14,1676,Schouwen-Duiveland,Zeeland,29,Overleden,0,9
2020-08-14,1680,Aa en Hunze,Drenthe,22,Totaal,0,14
2020-08-14,1680,Aa en Hunze,Drenthe,22,Ziekenhuisopname,0,1
2020-08-14,1680,Aa en Hunze,Drenthe,22,Overleden,0,0
2020-08-14,1681,Borger-Odoorn,Drenthe,22,Totaal,0,10
2020-08-14,1681,Borger-Odoorn,Drenthe,22,Ziekenhuisopname,0,4
2020-08-14,1681,Borger-Odoorn,Drenthe,22,Overleden,0,3
2020-08-14,1684,Cuijk,Noord-Brabant,30,Totaal,0,81
2020-08-14,1684,Cuijk,Noord-Brabant,30,Ziekenhuisopname,0,12
2020-08-14,1684,Cuijk,Noord-Brabant,30,Overleden,0,10
2020-08-14,1685,Landerd,Noord-Brabant,30,Totaal,0,148
2020-08-14,1685,Landerd,Noord-Brabant,30,Ziekenhuisopname,0,39
2020-08-14,1685,Landerd,Noord-Brabant,30,Overleden,0,21
2020-08-14,1690,De Wolden,Drenthe,22,Totaal,0,48
2020-08-14,1690,De Wolden,Drenthe,22,Ziekenhuisopname,0,11
2020-08-14,1690,De Wolden,Drenthe,22,Overleden,0,5
2020-08-14,1695,Noord-Beveland,Zeeland,29,Totaal,0,13
2020-08-14,1695,Noord-Beveland,Zeeland,29,Ziekenhuisopname,0,1
2020-08-14,1695,Noord-Beveland,Zeeland,29,Overleden,0,0
2020-08-14,1696,Wijdemeren,Noord-Holland,27,Totaal,0,45
2020-08-14,1696,Wijdemeren,Noord-Holland,27,Ziekenhuisopname,0,8
2020-08-14,1696,Wijdemeren,Noord-Holland,27,Overleden,0,0
2020-08-14,1699,Noordenveld,Drenthe,22,Totaal,0,21
2020-08-14,1699,Noordenveld,Drenthe,22,Ziekenhuisopname,0,4
2020-08-14,1699,Noordenveld,Drenthe,22,Overleden,0,1
2020-08-14,1700,Twenterand,Overijssel,23,Totaal,0,62
2020-08-14,1700,Twenterand,Overijssel,23,Ziekenhuisopname,0,12
2020-08-14,1700,Twenterand,Overijssel,23,Overleden,0,2
2020-08-14,1701,Westerveld,Drenthe,22,Totaal,0,38
2020-08-14,1701,Westerveld,Drenthe,22,Ziekenhuisopname,0,9
2020-08-14,1701,Westerveld,Drenthe,22,Overleden,0,4
2020-08-14,1702,Sint Anthonis,Noord-Brabant,30,Totaal,0,72
2020-08-14,1702,Sint Anthonis,Noord-Brabant,30,Ziekenhuisopname,0,20
2020-08-14,1702,Sint Anthonis,Noord-Brabant,30,Overleden,0,11
2020-08-14,1705,Lingewaard,Gelderland,25,Totaal,0,135
2020-08-14,1705,Lingewaard,Gelderland,25,Ziekenhuisopname,0,31
2020-08-14,1705,Lingewaard,Gelderland,25,Overleden,0,10
2020-08-14,1706,Cranendonck,Noord-Brabant,30,Totaal,0,174
2020-08-14,1706,Cranendonck,Noord-Brabant,30,Ziekenhuisopname,0,63
2020-08-14,1706,Cranendonck,Noord-Brabant,30,Overleden,0,36
2020-08-14,1708,Steenwijkerland,Overijssel,23,Totaal,0,108
2020-08-14,1708,Steenwijkerland,Overijssel,23,Ziekenhuisopname,0,14
2020-08-14,1708,Steenwijkerland,Overijssel,23,Overleden,0,5
2020-08-14,1709,Moerdijk,Noord-Brabant,30,Totaal,0,92
2020-08-14,1709,Moerdijk,Noord-Brabant,30,Ziekenhuisopname,0,14
2020-08-14,1709,Moerdijk,Noord-Brabant,30,Overleden,0,8
2020-08-14,1711,Echt-Susteren,Limburg,31,Totaal,0,94
2020-08-14,1711,Echt-Susteren,Limburg,31,Ziekenhuisopname,0,39
2020-08-14,1711,Echt-Susteren,Limburg,31,Overleden,0,16
2020-08-14,1714,Sluis,Zeeland,29,Totaal,0,22
2020-08-14,1714,Sluis,Zeeland,29,Ziekenhuisopname,0,9
2020-08-14,1714,Sluis,Zeeland,29,Overleden,0,4
2020-08-14,1719,Drimmelen,Noord-Brabant,30,Totaal,1,83
2020-08-14,1719,Drimmelen,Noord-Brabant,30,Ziekenhuisopname,0,19
2020-08-14,1719,Drimmelen,Noord-Brabant,30,Overleden,0,8
2020-08-14,1721,Bernheze,Noord-Brabant,30,Totaal,2,286
2020-08-14,1721,Bernheze,Noord-Brabant,30,Ziekenhuisopname,0,95
2020-08-14,1721,Bernheze,Noord-Brabant,30,Overleden,0,65
2020-08-14,1723,Alphen-Chaam,Noord-Brabant,30,Totaal,0,63
2020-08-14,1723,Alphen-Chaam,Noord-Brabant,30,Ziekenhuisopname,0,18
2020-08-14,1723,Alphen-Chaam,Noord-Brabant,30,Overleden,0,5
2020-08-14,1724,Bergeijk,Noord-Brabant,30,Totaal,1,62
2020-08-14,1724,Bergeijk,Noord-Brabant,30,Ziekenhuisopname,0,19
2020-08-14,1724,Bergeijk,Noord-Brabant,30,Overleden,0,5
2020-08-14,1728,Bladel,Noord-Brabant,30,Totaal,2,85
2020-08-14,1728,Bladel,Noord-Brabant,30,Ziekenhuisopname,0,21
2020-08-14,1728,Bladel,Noord-Brabant,30,Overleden,0,8
2020-08-14,1729,Gulpen-Wittem,Limburg,31,Totaal,0,81
2020-08-14,1729,Gulpen-Wittem,Limburg,31,Ziekenhuisopname,0,21
2020-08-14,1729,Gulpen-Wittem,Limburg,31,Overleden,0,14
2020-08-14,1730,Tynaarlo,Drenthe,22,Totaal,0,42
2020-08-14,1730,Tynaarlo,Drenthe,22,Ziekenhuisopname,0,9
2020-08-14,1730,Tynaarlo,Drenthe,22,Overleden,0,0
2020-08-14,1731,Midden-Drenthe,Drenthe,22,Totaal,0,26
2020-08-14,1731,Midden-Drenthe,Drenthe,22,Ziekenhuisopname,0,6
2020-08-14,1731,Midden-Drenthe,Drenthe,22,Overleden,0,0
2020-08-14,1734,Overbetuwe,Gelderland,25,Totaal,1,143
2020-08-14,1734,Overbetuwe,Gelderland,25,Ziekenhuisopname,0,55
2020-08-14,1734,Overbetuwe,Gelderland,25,Overleden,0,16
2020-08-14,1735,Hof van Twente,Overijssel,23,Totaal,1,64
2020-08-14,1735,Hof van Twente,Overijssel,23,Ziekenhuisopname,0,15
2020-08-14,1735,Hof van Twente,Overijssel,23,Overleden,0,5
2020-08-14,1740,Neder-Betuwe,Gelderland,25,Totaal,0,146
2020-08-14,1740,Neder-Betuwe,Gelderland,25,Ziekenhuisopname,0,37
2020-08-14,1740,Neder-Betuwe,Gelderland,25,Overleden,0,21
2020-08-14,1742,Rijssen-Holten,Overijssel,23,Totaal,0,206
2020-08-14,1742,Rijssen-Holten,Overijssel,23,Ziekenhuisopname,0,29
2020-08-14,1742,Rijssen-Holten,Overijssel,23,Overleden,0,23
2020-08-14,1771,Geldrop-Mierlo,Noord-Brabant,30,Totaal,0,120
2020-08-14,1771,Geldrop-Mierlo,Noord-Brabant,30,Ziekenhuisopname,0,33
2020-08-14,1771,Geldrop-Mierlo,Noord-Brabant,30,Overleden,0,16
2020-08-14,1773,Olst-Wijhe,Overijssel,23,Totaal,0,54
2020-08-14,1773,Olst-Wijhe,Overijssel,23,Ziekenhuisopname,0,12
2020-08-14,1773,Olst-Wijhe,Overijssel,23,Overleden,0,8
2020-08-14,1774,Dinkelland,Overijssel,23,Totaal,0,78
2020-08-14,1774,Dinkelland,Overijssel,23,Ziekenhuisopname,0,20
2020-08-14,1774,Dinkelland,Overijssel,23,Overleden,0,10
2020-08-14,1783,Westland,Zuid-Holland,28,Totaal,3,382
2020-08-14,1783,Westland,Zuid-Holland,28,Ziekenhuisopname,0,58
2020-08-14,1783,Westland,Zuid-Holland,28,Overleden,0,30
2020-08-14,1842,Midden-Delfland,Zuid-Holland,28,Totaal,1,39
2020-08-14,1842,Midden-Delfland,Zuid-Holland,28,Ziekenhuisopname,0,4
2020-08-14,1842,Midden-Delfland,Zuid-Holland,28,Overleden,0,0
2020-08-14,1859,Berkelland,Gelderland,25,Totaal,0,96
2020-08-14,1859,Berkelland,Gelderland,25,Ziekenhuisopname,0,12
2020-08-14,1859,Berkelland,Gelderland,25,Overleden,0,7
2020-08-14,1876,Bronckhorst,Gelderland,25,Totaal,0,82
2020-08-14,1876,Bronckhorst,Gelderland,25,Ziekenhuisopname,0,17
2020-08-14,1876,Bronckhorst,Gelderland,25,Overleden,0,7
2020-08-14,1883,Sittard-Geleen,Limburg,31,Totaal,8,434
2020-08-14,1883,Sittard-Geleen,Limburg,31,Ziekenhuisopname,0,115
2020-08-14,1883,Sittard-Geleen,Limburg,31,Overleden,0,64
2020-08-14,1884,Kaag en Braassem,Zuid-Holland,28,Totaal,0,36
2020-08-14,1884,Kaag en Braassem,Zuid-Holland,28,Ziekenhuisopname,0,7
2020-08-14,1884,Kaag en Braassem,Zuid-Holland,28,Overleden,0,2
2020-08-14,1891,Dantumadiel,Friesland,21,Totaal,2,8
2020-08-14,1891,Dantumadiel,Friesland,21,Ziekenhuisopname,0,2
2020-08-14,1891,Dantumadiel,Friesland,21,Overleden,0,0
2020-08-14,1892,Zuidplas,Zuid-Holland,28,Totaal,1,179
2020-08-14,1892,Zuidplas,Zuid-Holland,28,Ziekenhuisopname,0,24
2020-08-14,1892,Zuidplas,Zuid-Holland,28,Overleden,0,21
2020-08-14,1894,Peel en Maas,Limburg,31,Totaal,0,285
2020-08-14,1894,Peel en Maas,Limburg,31,Ziekenhuisopname,0,144
2020-08-14,1894,Peel en Maas,Limburg,31,Overleden,0,65
2020-08-14,1895,Oldambt,Groningen,20,Totaal,0,16
2020-08-14,1895,Oldambt,Groningen,20,Ziekenhuisopname,0,7
2020-08-14,1895,Oldambt,Groningen,20,Overleden,0,2
2020-08-14,1896,Zwartewaterland,Overijssel,23,Totaal,1,147
2020-08-14,1896,Zwartewaterland,Overijssel,23,Ziekenhuisopname,0,35
2020-08-14,1896,Zwartewaterland,Overijssel,23,Overleden,0,19
2020-08-14,1900,Sdwest-Frysln,Friesland,21,Totaal,2,111
2020-08-14,1900,Sdwest-Frysln,Friesland,21,Ziekenhuisopname,0,18
2020-08-14,1900,Sdwest-Frysln,Friesland,21,Overleden,0,6
2020-08-14,1901,Bodegraven-Reeuwijk,Zuid-Holland,28,Totaal,1,99
2020-08-14,1901,Bodegraven-Reeuwijk,Zuid-Holland,28,Ziekenhuisopname,0,7
2020-08-14,1901,Bodegraven-Reeuwijk,Zuid-Holland,28,Overleden,0,1
2020-08-14,1903,Eijsden-Margraten,Limburg,31,Totaal,0,179
2020-08-14,1903,Eijsden-Margraten,Limburg,31,Ziekenhuisopname,0,54
2020-08-14,1903,Eijsden-Margraten,Limburg,31,Overleden,0,27
2020-08-14,1904,Stichtse Vecht,Utrecht,26,Totaal,4,169
2020-08-14,1904,Stichtse Vecht,Utrecht,26,Ziekenhuisopname,0,35
2020-08-14,1904,Stichtse Vecht,Utrecht,26,Overleden,0,14
2020-08-14,1911,Hollands Kroon,Noord-Holland,27,Totaal,1,68
2020-08-14,1911,Hollands Kroon,Noord-Holland,27,Ziekenhuisopname,0,26
2020-08-14,1911,Hollands Kroon,Noord-Holland,27,Overleden,0,6
2020-08-14,1916,Leidschendam-Voorburg,Zuid-Holland,28,Totaal,8,203
2020-08-14,1916,Leidschendam-Voorburg,Zuid-Holland,28,Ziekenhuisopname,0,21
2020-08-14,1916,Leidschendam-Voorburg,Zuid-Holland,28,Overleden,0,15
2020-08-14,1924,Goeree-Overflakkee,Zuid-Holland,28,Totaal,0,275
2020-08-14,1924,Goeree-Overflakkee,Zuid-Holland,28,Ziekenhuisopname,0,54
2020-08-14,1924,Goeree-Overflakkee,Zuid-Holland,28,Overleden,0,34
2020-08-14,1926,Pijnacker-Nootdorp,Zuid-Holland,28,Totaal,2,174
2020-08-14,1926,Pijnacker-Nootdorp,Zuid-Holland,28,Ziekenhuisopname,0,24
2020-08-14,1926,Pijnacker-Nootdorp,Zuid-Holland,28,Overleden,0,16
2020-08-14,1930,Nissewaard,Zuid-Holland,28,Totaal,0,261
2020-08-14,1930,Nissewaard,Zuid-Holland,28,Ziekenhuisopname,0,56
2020-08-14,1930,Nissewaard,Zuid-Holland,28,Overleden,0,17
2020-08-14,1931,Krimpenerwaard,Zuid-Holland,28,Totaal,1,232
2020-08-14,1931,Krimpenerwaard,Zuid-Holland,28,Ziekenhuisopname,0,45
2020-08-14,1931,Krimpenerwaard,Zuid-Holland,28,Overleden,0,34
2020-08-14,1940,De Fryske Marren,Friesland,21,Totaal,0,79
2020-08-14,1940,De Fryske Marren,Friesland,21,Ziekenhuisopname,0,16
2020-08-14,1940,De Fryske Marren,Friesland,21,Overleden,0,6
2020-08-14,1942,Gooise Meren,Noord-Holland,27,Totaal,3,141
2020-08-14,1942,Gooise Meren,Noord-Holland,27,Ziekenhuisopname,0,23
2020-08-14,1942,Gooise Meren,Noord-Holland,27,Overleden,0,9
2020-08-14,1945,Berg en Dal,Gelderland,25,Totaal,0,188
2020-08-14,1945,Berg en Dal,Gelderland,25,Ziekenhuisopname,0,29
2020-08-14,1945,Berg en Dal,Gelderland,25,Overleden,0,16
2020-08-14,1948,Meierijstad,Noord-Brabant,30,Totaal,0,565
2020-08-14,1948,Meierijstad,Noord-Brabant,30,Ziekenhuisopname,0,211
2020-08-14,1948,Meierijstad,Noord-Brabant,30,Overleden,0,131
2020-08-14,1949,Waadhoeke,Friesland,21,Totaal,0,101
2020-08-14,1949,Waadhoeke,Friesland,21,Ziekenhuisopname,0,12
2020-08-14,1949,Waadhoeke,Friesland,21,Overleden,0,15
2020-08-14,1950,Westerwolde,Groningen,20,Totaal,0,9
2020-08-14,1950,Westerwolde,Groningen,20,Ziekenhuisopname,0,5
2020-08-14,1950,Westerwolde,Groningen,20,Overleden,0,0
2020-08-14,1952,Midden-Groningen,Groningen,20,Totaal,0,38
2020-08-14,1952,Midden-Groningen,Groningen,20,Ziekenhuisopname,0,6
2020-08-14,1952,Midden-Groningen,Groningen,20,Overleden,0,3
2020-08-14,1954,Beekdaelen,Limburg,31,Totaal,0,173
2020-08-14,1954,Beekdaelen,Limburg,31,Ziekenhuisopname,0,52
2020-08-14,1954,Beekdaelen,Limburg,31,Overleden,0,23
2020-08-14,1955,Montferland,Gelderland,25,Totaal,0,106
2020-08-14,1955,Montferland,Gelderland,25,Ziekenhuisopname,0,21
2020-08-14,1955,Montferland,Gelderland,25,Overleden,0,9
2020-08-14,1959,Altena,Noord-Brabant,30,Totaal,2,158
2020-08-14,1959,Altena,Noord-Brabant,30,Ziekenhuisopname,0,32
2020-08-14,1959,Altena,Noord-Brabant,30,Overleden,0,11
2020-08-14,1960,West Betuwe,Gelderland,25,Totaal,1,219
2020-08-14,1960,West Betuwe,Gelderland,25,Ziekenhuisopname,0,43
2020-08-14,1960,West Betuwe,Gelderland,25,Overleden,0,27
2020-08-14,1961,Vijfheerenlanden,Utrecht,26,Totaal,2,295
2020-08-14,1961,Vijfheerenlanden,Utrecht,26,Ziekenhuisopname,0,34
2020-08-14,1961,Vijfheerenlanden,Utrecht,26,Overleden,0,36
2020-08-14,1963,Hoeksche Waard,Zuid-Holland,28,Totaal,2,342
2020-08-14,1963,Hoeksche Waard,Zuid-Holland,28,Ziekenhuisopname,0,76
2020-08-14,1963,Hoeksche Waard,Zuid-Holland,28,Overleden,0,20
2020-08-14,1966,Het Hogeland,Groningen,20,Totaal,0,39
2020-08-14,1966,Het Hogeland,Groningen,20,Ziekenhuisopname,0,7
2020-08-14,1966,Het Hogeland,Groningen,20,Overleden,0,3
2020-08-14,1969,Westerkwartier,Groningen,20,Totaal,0,61
2020-08-14,1969,Westerkwartier,Groningen,20,Ziekenhuisopname,0,14
2020-08-14,1969,Westerkwartier,Groningen,20,Overleden,0,4
2020-08-14,1970,Noardeast-Frysln,Friesland,21,Totaal,6,68
2020-08-14,1970,Noardeast-Frysln,Friesland,21,Ziekenhuisopname,0,6
2020-08-14,1970,Noardeast-Frysln,Friesland,21,Overleden,0,4
2020-08-14,1978,Molenlanden,Zuid-Holland,28,Totaal,0,128
2020-08-14,1978,Molenlanden,Zuid-Holland,28,Ziekenhuisopname,0,18
2020-08-14,1978,Molenlanden,Zuid-Holland,28,Overleden,0,8
