Gemeentenaam,Gemeentecode,Provincienaam,2020-02-27,2020-02-28,2020-02-29,2020-03-01,2020-03-02,2020-03-03,2020-03-04,2020-03-05,2020-03-06,2020-03-07,2020-03-08,2020-03-09,2020-03-10,2020-03-11,2020-03-12,2020-03-13,2020-03-14,2020-03-15,2020-03-16,2020-03-17,2020-03-18,2020-03-19,2020-03-20,2020-03-21,2020-03-22,2020-03-23,2020-03-24
Appingedam,3,Groningen,0,0,0,0,0,0,0,0,0,0,0,0,0,0,0,0,0,0,0,0,0,0,0,0,0,0,0
Delfzijl,10,Groningen,0,0,0,0,0,0,0,0,0,0,0,0,0,0,0,0,0,0,0,0,0,0,0,0,0,1,1
Groningen,14,Groningen,0,0,0,0,0,0,0,0,0,0,0,0,0,0,2,3,3,6,7,7,11,23,28,39,46,53,53
Loppersum,24,Groningen,0,0,0,0,0,0,0,0,0,0,0,0,0,0,0,0,0,0,0,0,0,0,0,0,0,0,0
Almere,34,Flevoland,0,0,0,0,0,0,0,0,1,1,1,1,1,1,1,1,2,2,3,3,4,5,5,11,14,18,21
Stadskanaal,37,Groningen,0,0,0,0,0,0,0,0,0,0,0,0,0,0,0,0,0,0,0,0,0,0,0,0,0,0,0
Veendam,47,Groningen,0,0,0,0,0,0,0,0,0,0,0,0,0,0,0,0,0,0,0,0,0,0,0,0,0,0,0
Zeewolde,50,Flevoland,0,0,0,0,0,0,0,1,1,1,1,1,1,1,1,1,2,2,2,2,3,3,4,4,4,4,4
Achtkarspelen,59,Friesland,0,0,0,0,0,0,0,0,0,0,0,0,0,0,0,0,0,0,0,0,0,0,0,0,0,0,0
Ameland,60,Friesland,0,0,0,0,0,0,0,0,0,0,0,0,0,0,0,0,0,0,0,0,0,0,0,0,0,0,0
Harlingen,72,Friesland,0,0,0,0,0,0,0,0,0,0,0,0,0,0,0,0,0,0,1,1,1,1,1,3,3,3,3
Heerenveen,74,Friesland,0,0,0,0,0,0,0,0,0,0,0,0,0,0,0,0,0,0,0,0,0,0,1,2,2,3,3
Leeuwarden,80,Friesland,0,0,0,0,0,0,0,0,0,0,0,0,0,0,1,1,1,1,2,3,4,5,5,8,8,10,10
Ooststellingwerf,85,Friesland,0,0,0,0,0,0,0,0,0,0,0,0,0,0,0,0,0,0,0,0,0,0,0,0,0,0,0
Opsterland,86,Friesland,0,0,0,0,0,0,0,0,0,0,0,0,2,2,2,2,2,2,2,2,2,2,2,2,2,3,3
Schiermonnikoog,88,Friesland,0,0,0,0,0,0,0,0,0,0,0,0,0,0,0,0,0,0,0,0,0,0,0,0,0,0,0
Smallingerland,90,Friesland,0,0,0,0,0,0,0,0,0,0,0,0,0,1,1,1,2,3,3,3,3,3,3,3,3,3,3
Terschelling,93,Friesland,0,0,0,0,0,0,0,0,0,0,0,0,0,0,0,0,0,0,0,0,0,0,0,0,0,0,0
Vlieland,96,Friesland,0,0,0,0,0,0,0,0,0,0,0,0,0,0,0,0,0,0,0,0,0,0,0,0,0,0,0
Weststellingwerf,98,Friesland,0,0,0,0,0,0,0,0,0,0,0,0,0,0,0,0,0,0,0,0,0,0,0,1,1,1,1
Assen,106,Drenthe,0,0,0,0,0,0,0,0,0,0,0,0,0,0,0,0,0,0,0,0,0,0,1,1,2,4,5
Coevorden,109,Drenthe,0,0,0,1,1,2,2,3,3,3,7,9,11,11,11,11,11,11,11,11,12,12,13,14,14,14,15
Emmen,114,Drenthe,0,0,0,0,0,0,0,0,0,0,1,1,1,1,1,1,1,1,1,1,2,3,4,4,4,6,7
Hoogeveen,118,Drenthe,0,0,0,0,0,0,0,0,0,0,0,0,0,0,1,1,2,2,2,2,3,3,4,5,5,5,6
Meppel,119,Drenthe,0,0,0,0,0,0,0,0,0,0,0,0,0,0,0,0,0,0,0,0,0,0,1,1,1,3,3
Almelo,141,Overijssel,0,0,0,0,0,0,0,0,0,0,1,1,1,1,1,1,1,1,1,1,1,2,3,4,5,7,8
Borne,147,Overijssel,0,0,0,0,0,0,0,1,1,2,3,3,3,3,2,3,3,3,3,3,3,3,3,4,5,7,8
Dalfsen,148,Overijssel,0,0,0,0,0,0,0,0,0,0,0,0,0,0,0,0,0,1,1,1,1,1,4,5,8,9,11
Deventer,150,Overijssel,0,0,0,0,0,0,0,0,0,0,0,0,0,0,0,0,0,1,2,4,5,5,7,16,16,17,20
Enschede,153,Overijssel,0,0,0,0,0,0,0,0,0,0,0,0,0,1,3,3,3,3,3,3,4,7,8,16,18,20,20
Haaksbergen,158,Overijssel,0,0,0,0,0,0,0,0,0,0,0,0,0,0,0,0,0,1,1,1,1,1,1,1,3,3,3
Hardenberg,160,Overijssel,0,0,0,0,0,0,0,0,0,0,0,0,0,0,0,0,0,0,0,0,0,0,1,3,3,4,6
Hellendoorn,163,Overijssel,0,0,0,0,0,0,0,0,0,1,2,2,2,2,2,2,2,2,2,2,2,2,2,3,4,5,6
Hengelo,164,Overijssel,0,0,0,0,0,0,0,0,0,0,0,0,0,0,0,0,0,0,3,3,4,4,5,13,15,15,16
Kampen,166,Overijssel,0,0,0,0,0,0,0,0,0,0,0,0,0,0,0,0,0,0,0,1,2,2,5,12,14,17,20
Losser,168,Overijssel,0,0,0,0,0,0,0,0,0,0,0,0,0,0,0,0,0,0,0,0,0,0,0,1,1,1,1
Noordoostpolder,171,Flevoland,0,0,0,0,0,0,0,0,0,0,0,0,0,0,0,0,2,2,2,2,2,2,2,3,3,3,4
Oldenzaal,173,Overijssel,0,0,0,0,0,0,0,0,0,0,0,0,0,0,0,0,1,1,1,1,2,3,5,6,6,6,8
Ommen,175,Overijssel,0,0,0,0,0,0,0,0,0,0,0,0,0,0,0,0,1,1,1,1,2,2,3,4,4,6,6
Raalte,177,Overijssel,0,0,0,0,0,0,0,0,0,0,0,0,0,0,1,1,1,1,2,3,3,3,3,3,5,5,6
Staphorst,180,Overijssel,0,0,0,0,0,0,0,0,0,0,0,0,0,0,0,0,1,1,1,1,1,2,3,3,3,4,4
Tubbergen,183,Overijssel,0,0,0,0,0,0,0,0,0,0,0,1,1,1,1,1,1,1,1,1,1,3,3,3,3,4,4
Urk,184,Flevoland,0,0,0,0,0,0,0,0,0,0,0,0,0,0,0,0,0,0,0,0,1,4,5,6,7,7,7
Wierden,189,Overijssel,0,0,0,0,0,0,0,0,0,0,0,0,0,0,0,0,0,0,0,0,0,0,0,0,0,0,0
Zwolle,193,Overijssel,0,0,0,0,0,0,0,0,0,0,1,1,1,2,2,2,3,4,6,8,12,16,18,23,28,35,40
Aalten,197,Gelderland,0,0,0,0,0,0,0,0,0,0,0,0,0,0,0,0,0,0,0,0,0,0,1,1,1,1,1
Apeldoorn,200,Gelderland,0,0,0,0,0,0,0,0,0,0,0,0,0,1,2,2,3,3,7,7,10,11,13,16,17,26,29
Arnhem,202,Gelderland,0,0,0,0,0,0,0,0,1,1,3,2,2,3,4,4,4,7,7,8,9,10,13,15,16,20,23
Barneveld,203,Gelderland,0,0,0,0,0,0,0,0,0,0,0,0,0,0,0,0,0,2,3,4,5,6,8,8,9,10,12
Beuningen,209,Gelderland,0,0,0,0,0,0,0,0,1,1,5,3,3,3,3,3,4,4,5,6,6,6,8,9,11,12,13
Brummen,213,Gelderland,0,0,0,0,0,0,0,0,0,0,0,0,0,0,0,0,0,0,0,0,0,1,1,1,1,4,4
Buren,214,Gelderland,0,0,0,0,0,0,0,0,0,0,0,0,0,0,1,2,2,2,4,4,4,5,5,5,5,5,6
Culemborg,216,Gelderland,0,0,0,0,0,0,0,1,1,1,1,1,1,1,1,2,2,2,2,4,4,4,4,5,5,5,8
Doesburg,221,Gelderland,0,0,0,0,0,0,0,0,0,0,0,0,0,0,0,0,0,1,1,1,1,1,3,3,4,4,4
Doetinchem,222,Gelderland,0,0,0,0,0,0,0,0,0,0,0,0,0,0,0,0,0,0,0,0,0,3,4,5,5,6,8
Druten,225,Gelderland,0,0,0,0,0,0,0,0,0,0,0,0,0,0,0,1,3,5,5,5,5,5,5,5,5,6,6
Duiven,226,Gelderland,0,0,0,0,0,0,0,0,0,0,0,0,0,0,0,1,1,1,1,1,2,2,2,2,2,2,2
Ede,228,Gelderland,0,0,0,0,0,0,0,0,0,0,0,0,0,0,0,0,0,1,2,2,5,5,9,13,16,21,22
Elburg,230,Gelderland,0,0,0,0,0,0,0,0,0,0,0,0,0,0,0,1,1,1,1,1,1,1,2,2,3,4,4
Epe,232,Gelderland,0,0,0,0,0,0,0,0,0,0,0,0,0,0,0,0,0,0,2,2,4,4,4,6,8,10,13
Ermelo,233,Gelderland,0,0,0,0,0,0,0,0,0,0,0,0,1,1,3,4,5,7,8,8,8,8,9,11,13,13,14
Harderwijk,243,Gelderland,0,0,0,0,0,0,0,0,0,0,0,0,0,0,2,2,2,2,4,4,5,5,5,5,6,8,9
Hattem,244,Gelderland,0,0,0,0,0,0,0,0,0,0,0,0,0,0,0,0,0,0,0,0,0,0,0,1,1,1,2
Heerde,246,Gelderland,0,0,0,0,0,0,0,0,0,0,0,0,0,0,0,0,0,0,2,3,3,4,5,9,9,13,15
Heumen,252,Gelderland,0,0,0,0,0,0,0,0,0,0,0,0,0,0,0,0,0,2,2,3,5,6,7,7,7,9,11
Lochem,262,Gelderland,0,0,0,0,0,0,0,0,0,0,0,0,0,0,0,0,0,0,0,0,1,1,2,2,2,2,2
Maasdriel,263,Gelderland,0,0,0,0,0,0,0,0,0,0,1,1,1,0,0,0,0,0,0,1,1,1,2,2,2,2,3
Nijkerk,267,Gelderland,0,0,0,0,0,0,0,0,0,0,0,0,0,0,0,0,0,0,1,2,2,2,2,4,4,7,8
Nijmegen,268,Gelderland,0,0,0,0,0,0,0,0,1,2,2,3,3,4,6,8,9,12,17,31,41,48,55,60,68,79,93
Oldebroek,269,Gelderland,0,0,0,0,0,0,0,0,0,0,0,0,0,0,0,1,1,1,2,2,5,5,5,6,7,7,8
Putten,273,Gelderland,0,0,0,0,0,0,0,0,0,0,0,0,0,0,0,0,0,0,2,2,2,2,3,3,3,3,3
Renkum,274,Gelderland,0,0,0,0,0,0,0,0,1,1,5,5,5,7,7,7,7,8,8,8,8,8,9,9,10,10,11
Rheden,275,Gelderland,0,0,0,0,0,0,0,0,0,0,0,0,1,1,1,1,1,1,1,2,3,4,7,7,10,12,15
Rozendaal,277,Gelderland,0,0,0,0,0,0,0,0,0,0,0,0,0,0,0,0,0,1,1,1,2,2,2,2,2,2,2
Scherpenzeel,279,Gelderland,0,0,0,0,0,0,0,0,0,0,0,0,0,0,0,0,0,0,0,0,0,0,0,0,1,2,2
Tiel,281,Gelderland,0,0,0,0,0,0,0,0,0,0,0,1,1,1,2,2,2,3,4,4,4,4,4,4,5,6,8
Voorst,285,Gelderland,0,0,0,0,0,0,0,0,0,0,0,1,1,1,1,1,1,1,1,1,1,1,1,2,2,2,3
Wageningen,289,Gelderland,0,0,0,0,0,0,0,0,0,0,0,0,0,0,0,0,0,0,0,1,1,1,2,3,3,3,3
Westervoort,293,Gelderland,0,0,0,0,0,0,0,0,0,0,0,0,0,0,0,0,0,0,0,0,0,0,1,1,2,2,2
Winterswijk,294,Gelderland,0,0,0,0,0,0,0,0,0,0,0,0,0,0,0,0,0,0,0,0,0,0,0,1,2,2,2
Wijchen,296,Gelderland,0,0,0,0,0,0,0,0,0,0,1,1,1,1,2,3,3,4,5,6,8,8,14,17,20,21,23
Zaltbommel,297,Gelderland,0,0,0,0,0,0,1,1,1,1,1,1,1,1,1,1,1,1,1,3,3,3,4,5,6,7,7
Zevenaar,299,Gelderland,0,0,0,0,0,0,0,0,0,0,0,0,0,0,0,0,0,0,0,0,2,3,5,6,8,9,10
Zutphen,301,Gelderland,0,0,0,0,0,0,0,0,0,0,0,0,0,0,0,0,0,0,0,1,1,1,2,4,4,6,6
Nunspeet,302,Gelderland,0,0,0,0,0,0,0,0,0,0,0,0,0,0,0,1,1,1,2,2,3,3,4,9,13,17,22
Dronten,303,Flevoland,0,0,0,0,0,0,0,0,0,0,0,0,0,0,0,2,3,6,7,7,8,9,10,11,10,11,11
Amersfoort,307,Utrecht,0,0,0,0,0,0,0,0,0,0,0,0,0,2,4,4,4,10,18,21,23,30,32,37,37,41,44
Baarn,308,Utrecht,0,0,0,0,0,0,0,0,0,0,0,0,0,0,0,0,0,0,0,0,0,2,1,1,1,2,2
De Bilt,310,Utrecht,0,0,0,0,0,0,0,2,3,6,6,6,6,10,11,11,11,12,13,15,16,16,18,19,20,23,27
Bunnik,312,Utrecht,0,0,0,0,0,0,0,0,0,0,0,0,0,0,0,0,0,0,0,0,0,1,2,3,3,4,6
Bunschoten,313,Utrecht,0,0,0,0,0,0,0,0,0,0,0,0,0,0,0,0,0,0,0,0,0,0,0,0,0,0,1
Eemnes,317,Utrecht,0,0,0,0,0,0,0,0,0,0,0,0,0,0,0,0,0,0,0,0,1,1,1,1,1,1,1
Houten,321,Utrecht,0,0,0,0,0,1,1,9,9,13,13,13,13,13,13,13,13,13,13,13,14,17,17,19,23,25,29
Leusden,327,Utrecht,0,0,0,0,0,0,0,0,0,0,0,0,0,0,0,0,0,0,1,1,3,4,4,6,6,7,9
Lopik,331,Utrecht,0,0,0,0,0,0,0,0,0,0,0,0,0,0,0,0,0,0,1,2,3,3,3,4,6,9,10
Montfoort,335,Utrecht,0,0,0,0,0,0,0,0,0,0,0,0,0,0,0,0,0,0,0,0,0,0,0,0,0,2,3
Renswoude,339,Utrecht,0,0,0,0,0,0,0,0,0,0,0,0,0,0,0,0,0,0,0,0,0,0,0,0,0,0,0
Rhenen,340,Utrecht,0,0,0,0,0,0,0,0,0,0,0,0,0,0,0,0,0,0,0,0,0,0,0,0,0,1,1
Soest,342,Utrecht,0,0,0,0,0,0,0,4,6,7,7,7,8,8,8,8,8,8,10,11,12,13,14,15,16,16,20
Utrecht,344,Utrecht,0,0,0,0,0,2,2,6,8,11,13,13,14,18,25,26,30,38,48,60,69,83,101,121,131,145,160
Veenendaal,345,Utrecht,0,0,0,0,0,0,0,0,0,0,0,0,0,0,1,1,1,1,1,1,1,2,2,2,3,6,6
Woudenberg,351,Utrecht,0,0,0,0,0,0,0,0,0,0,0,0,0,1,1,1,1,1,1,1,2,2,3,3,3,4,4
Wijk bij Duurstede,352,Utrecht,0,0,0,0,0,0,0,0,1,1,1,1,1,1,2,2,2,3,3,4,4,4,5,6,6,6,6
IJsselstein,353,Utrecht,0,0,0,0,0,0,0,0,0,0,1,1,1,1,1,1,1,2,4,6,7,8,8,11,13,16,16
Zeist,355,Utrecht,0,0,0,0,0,0,0,0,0,1,1,1,2,3,4,4,4,6,8,12,12,12,13,17,17,19,20
Nieuwegein,356,Utrecht,0,0,0,0,0,0,0,0,0,0,0,0,0,0,0,0,0,1,1,3,4,6,8,9,9,11,11
Aalsmeer,358,Noord-Holland,0,0,0,0,0,0,0,0,0,0,0,0,2,2,2,3,3,3,3,3,3,4,5,5,7,8,9
Alkmaar,361,Noord-Holland,0,0,0,0,0,0,0,0,0,0,0,0,1,1,1,1,1,1,2,2,5,9,10,11,15,16,20
Amstelveen,362,Noord-Holland,0,0,0,0,0,0,0,0,0,1,1,2,2,2,2,3,3,3,4,6,7,13,22,26,27,29,33
Amsterdam,363,Noord-Holland,0,0,0,0,0,0,1,2,2,3,4,4,8,8,11,20,31,31,39,56,61,85,127,161,188,203,250
Beemster,370,Noord-Holland,0,0,0,0,0,0,0,0,0,0,0,0,0,0,0,0,0,0,0,0,0,0,0,0,0,0,1
Bergen (NH.),373,Noord-Holland,0,0,0,0,0,0,0,0,0,0,0,0,0,0,0,0,1,1,1,1,2,4,4,6,8,9,12
Beverwijk,375,Noord-Holland,0,0,0,0,0,0,1,2,2,3,4,4,4,4,5,5,5,5,5,6,6,6,6,6,7,7,11
Blaricum,376,Noord-Holland,0,0,0,0,0,0,1,1,1,1,1,1,1,1,1,1,1,1,1,1,2,2,3,4,4,4,4
Bloemendaal,377,Noord-Holland,0,0,0,0,0,0,0,0,0,1,1,1,1,1,1,1,1,1,1,3,3,3,3,8,8,11,13
Castricum,383,Noord-Holland,0,0,0,0,0,0,0,0,0,0,0,0,0,0,0,0,4,5,5,5,5,6,6,7,8,8,10
Diemen,384,Noord-Holland,0,1,3,3,3,3,2,2,2,2,2,2,2,2,2,2,2,2,2,2,2,2,3,3,4,4,4
Edam-Volendam,385,Noord-Holland,0,0,0,0,0,0,0,0,0,0,0,0,0,0,0,0,0,0,0,0,0,3,3,4,5,6,7
Enkhuizen,388,Noord-Holland,0,0,0,0,0,0,0,0,0,0,0,0,0,0,0,0,0,0,1,1,1,5,5,6,7,8,10
Haarlem,392,Noord-Holland,0,0,0,0,0,1,1,1,1,1,2,2,1,1,1,4,4,4,6,7,7,10,17,25,27,29,41
Haarlemmermeer,394,Noord-Holland,0,0,0,0,0,0,0,0,0,0,0,0,0,0,0,0,0,1,2,4,4,5,8,12,16,18,23
Heemskerk,396,Noord-Holland,0,0,0,0,0,0,0,0,0,0,0,0,0,0,0,1,1,1,2,2,2,3,5,5,5,5,7
Heemstede,397,Noord-Holland,0,0,0,0,0,0,0,0,0,0,1,1,1,1,2,2,2,2,5,5,5,5,7,11,11,13,16
Heerhugowaard,398,Noord-Holland,0,0,0,0,0,0,0,0,0,0,0,0,0,0,0,0,0,1,1,1,2,2,3,5,8,10,15
Heiloo,399,Noord-Holland,0,0,0,0,0,0,0,0,0,0,0,0,0,0,0,2,2,2,3,3,3,3,3,4,6,6,8
Den Helder,400,Noord-Holland,0,0,0,0,0,0,0,0,0,0,0,0,0,1,1,1,1,1,1,1,1,2,2,3,3,4,5
Hilversum,402,Noord-Holland,0,0,0,0,0,0,0,0,0,0,0,0,0,0,0,0,0,0,0,3,3,3,5,7,7,7,7
Hoorn,405,Noord-Holland,0,0,0,0,0,0,0,0,0,0,0,0,0,0,0,0,0,0,1,1,1,2,3,8,9,11,12
Huizen,406,Noord-Holland,0,0,0,0,0,0,0,0,0,0,1,1,1,2,1,1,1,1,1,1,2,3,3,3,3,3,3
Landsmeer,415,Noord-Holland,0,0,0,0,0,0,0,0,0,1,0,0,0,0,2,2,2,3,3,3,3,3,4,4,5,5,6
Langedijk,416,Noord-Holland,0,0,0,0,0,0,0,0,0,0,0,0,0,1,1,3,3,4,4,4,4,4,4,4,4,5,12
Laren,417,Noord-Holland,0,0,0,0,0,0,0,0,0,0,0,0,0,0,0,0,0,0,0,0,0,0,0,0,0,0,3
Medemblik,420,Noord-Holland,0,0,0,0,0,0,0,0,0,0,0,0,0,0,0,0,0,0,0,0,0,0,0,1,2,4,4
Oostzaan,431,Noord-Holland,0,0,0,0,0,0,0,0,0,0,0,0,0,0,0,0,0,0,0,1,2,2,3,3,4,5,5
Opmeer,432,Noord-Holland,0,0,0,0,0,0,0,0,0,0,0,0,0,0,0,0,0,0,0,0,0,0,0,0,0,0,0
Ouder-Amstel,437,Noord-Holland,0,0,0,0,0,0,0,0,0,0,0,0,0,0,0,0,0,0,0,2,3,3,3,4,4,5,7
Purmerend,439,Noord-Holland,0,0,0,0,0,0,0,0,0,0,0,0,0,1,1,2,2,2,2,2,4,7,11,14,20,22,23
Schagen,441,Noord-Holland,0,0,0,0,0,0,0,0,0,0,0,0,1,1,1,2,3,4,4,4,5,6,6,7,7,7,10
Texel,448,Noord-Holland,0,0,0,0,0,0,0,0,0,0,0,0,0,0,0,0,0,0,0,0,0,2,3,3,3,3,3
Uitgeest,450,Noord-Holland,0,0,0,0,0,0,0,0,0,0,0,0,0,0,0,0,0,0,0,0,0,0,2,2,4,4,4
Uithoorn,451,Noord-Holland,0,0,0,0,0,0,0,0,0,0,0,0,0,0,0,0,0,0,0,0,1,2,2,2,2,2,4
Velsen,453,Noord-Holland,0,0,0,0,0,0,0,0,0,0,0,0,0,0,1,1,1,1,4,4,4,4,5,8,10,11,15
Weesp,457,Noord-Holland,0,0,0,0,0,0,0,0,0,0,0,0,0,0,0,0,0,0,0,0,0,0,1,1,1,1,2
Zandvoort,473,Noord-Holland,0,0,0,0,0,0,0,0,0,0,0,0,0,0,0,0,1,1,1,1,1,1,1,2,2,3,6
Zaanstad,479,Noord-Holland,0,0,0,0,0,0,0,0,0,2,2,2,2,2,2,2,2,2,2,2,2,4,3,9,11,19,20
Alblasserdam,482,Zuid-Holland,0,0,0,0,0,0,0,0,0,0,0,0,0,0,0,0,0,0,0,1,1,2,3,3,4,4,4
Alphen aan den Rijn,484,Zuid-Holland,0,0,0,0,0,1,1,1,1,1,1,1,1,2,3,4,6,6,6,6,9,10,13,15,17,17,20
Barendrecht,489,Zuid-Holland,0,0,0,0,0,0,0,0,0,0,0,0,0,0,1,1,1,3,3,3,3,4,5,9,10,13,15
Drechterland,498,Noord-Holland,0,0,0,0,0,0,0,0,0,0,0,0,0,0,0,0,0,0,0,0,0,0,0,2,2,2,3
Brielle,501,Zuid-Holland,0,0,0,0,0,0,0,0,0,0,0,0,0,0,0,0,0,0,0,0,0,1,1,1,1,1,1
Capelle aan den IJssel,502,Zuid-Holland,0,0,0,0,0,0,0,0,0,0,0,0,0,0,0,0,0,0,0,1,1,2,3,3,7,7,13
Delft,503,Zuid-Holland,0,0,1,1,1,1,1,1,1,1,1,1,1,1,1,2,2,2,2,2,4,5,9,11,12,16,17
Dordrecht,505,Zuid-Holland,0,0,0,0,0,0,0,0,0,0,0,0,0,0,0,1,1,1,1,4,4,8,11,12,13,17,23
Gorinchem,512,Zuid-Holland,0,0,0,0,0,0,0,0,0,0,0,0,0,0,0,0,0,0,0,0,0,1,0,0,2,2,4
Gouda,513,Zuid-Holland,0,0,0,0,0,0,0,0,0,0,0,0,1,2,2,2,2,3,4,5,7,9,10,12,15,16,17
's-Gravenhage,518,Zuid-Holland,0,0,0,0,0,0,0,0,2,2,2,2,3,7,7,8,9,10,14,17,21,27,36,44,47,53,63
Hardinxveld-Giessendam,523,Zuid-Holland,0,0,0,0,0,0,1,2,4,4,4,4,5,5,5,5,5,5,5,5,5,5,6,6,6,6,6
Hellevoetsluis,530,Zuid-Holland,0,0,0,0,0,0,0,0,0,0,0,0,0,0,1,1,1,1,1,1,1,1,4,4,4,5,5
Hendrik-Ido-Ambacht,531,Zuid-Holland,0,0,0,0,0,0,0,0,0,0,0,0,0,0,0,0,0,0,0,0,0,0,0,0,1,2,2
Stede Broec,532,Noord-Holland,0,0,0,0,0,0,0,0,0,0,0,0,0,0,0,0,0,0,1,1,1,3,3,5,5,8,9
Hillegom,534,Zuid-Holland,0,0,0,0,0,0,0,0,0,0,0,0,0,0,0,0,0,0,0,0,1,1,2,2,2,2,3
Katwijk,537,Zuid-Holland,0,0,0,0,0,0,0,0,0,0,0,0,0,0,1,1,1,1,1,1,2,2,3,5,6,6,6
Krimpen aan den IJssel,542,Zuid-Holland,0,0,0,0,0,0,0,0,0,0,0,0,0,0,1,1,1,1,1,1,1,2,2,2,3,3,3
Leiden,546,Zuid-Holland,0,0,0,0,0,0,0,0,0,0,0,0,1,1,1,4,4,4,8,8,11,12,14,16,16,16,20
Leiderdorp,547,Zuid-Holland,0,0,0,0,0,0,0,0,0,0,0,0,0,0,0,0,0,0,1,1,2,2,2,2,2,2,2
Lisse,553,Zuid-Holland,0,0,0,0,0,0,0,0,0,0,0,0,0,0,0,0,0,0,0,0,0,0,0,0,1,1,1
Maassluis,556,Zuid-Holland,0,0,0,0,0,0,0,0,0,0,0,0,0,0,0,0,1,1,1,1,2,2,2,3,5,6,7
Nieuwkoop,569,Zuid-Holland,0,0,0,0,0,0,0,0,0,0,0,0,0,0,1,1,1,1,1,1,1,1,1,2,3,3,4
Noordwijk,575,Zuid-Holland,0,0,0,0,0,0,0,0,0,0,0,2,2,2,2,2,2,2,2,2,2,3,2,3,6,6,6
Oegstgeest,579,Zuid-Holland,0,0,0,0,0,0,0,0,0,1,1,1,1,2,2,2,4,4,4,4,4,5,6,7,7,7,8
Oudewater,589,Utrecht,0,0,0,0,0,0,0,0,0,0,0,0,0,0,0,0,0,1,1,1,1,2,2,3,4,4,7
Papendrecht,590,Zuid-Holland,0,0,0,0,0,0,0,0,0,0,0,0,0,0,0,0,0,0,0,0,0,1,2,2,4,5,5
Ridderkerk,597,Zuid-Holland,0,0,0,0,0,0,0,0,0,1,1,1,1,1,1,1,1,1,1,1,1,1,2,4,5,5,7
Rotterdam,599,Zuid-Holland,0,0,0,0,0,1,3,5,9,11,14,14,15,15,15,20,24,25,30,41,58,81,104,120,139,149,163
Rijswijk,603,Zuid-Holland,0,0,0,0,0,0,0,0,0,0,0,0,0,0,0,0,0,0,1,2,3,3,4,4,5,7,8
Schiedam,606,Zuid-Holland,0,0,0,0,0,0,0,0,0,0,0,0,0,0,0,0,0,1,1,1,1,2,4,6,8,8,10
Sliedrecht,610,Zuid-Holland,0,0,0,0,0,0,0,0,0,0,0,0,0,0,0,0,0,0,0,1,1,1,2,3,3,3,4
Albrandswaard,613,Zuid-Holland,0,0,0,0,0,0,0,0,0,0,1,1,1,1,1,1,1,1,2,3,4,4,5,8,12,14,18
Westvoorne,614,Zuid-Holland,0,0,0,0,0,0,0,0,1,1,1,1,1,1,1,1,2,3,3,3,3,3,3,3,5,7,8
Vlaardingen,622,Zuid-Holland,0,0,0,0,0,0,0,0,0,0,0,0,0,0,1,1,1,1,1,2,2,4,7,12,15,15,18
Voorschoten,626,Zuid-Holland,0,0,0,0,0,0,0,0,0,0,0,0,0,0,0,0,0,0,0,0,1,1,2,2,3,3,3
Waddinxveen,627,Zuid-Holland,0,0,0,0,0,0,0,0,0,0,0,0,1,1,1,1,1,1,1,1,1,3,3,4,4,4,4
Wassenaar,629,Zuid-Holland,0,0,0,0,0,0,0,0,0,0,0,0,0,0,0,1,2,2,3,3,3,4,4,5,5,5,5
Woerden,632,Utrecht,0,0,0,0,0,0,0,0,2,2,2,2,2,2,2,2,2,2,2,3,4,4,5,6,7,14,19
Zoetermeer,637,Zuid-Holland,0,0,0,0,0,0,0,0,0,0,0,0,0,0,0,0,0,0,0,0,1,1,4,4,5,7,8
Zoeterwoude,638,Zuid-Holland,0,0,0,0,0,0,0,0,0,0,0,0,0,0,0,0,0,0,0,0,0,0,0,0,0,0,1
Zwijndrecht,642,Zuid-Holland,0,0,0,0,0,0,0,0,0,0,0,0,0,0,0,0,2,3,3,4,5,6,6,6,6,6,8
Borsele,654,Zeeland,0,0,0,0,0,0,0,0,0,0,0,0,0,1,1,1,1,1,2,2,2,3,3,3,3,3,4
Goes,664,Zeeland,0,0,0,0,0,0,0,0,0,0,0,0,1,2,2,2,2,2,2,2,3,3,3,3,3,3,4
West Maas en Waal,668,Gelderland,0,0,0,0,0,0,0,0,1,1,1,1,1,1,2,2,2,3,3,3,3,3,4,4,6,7,8
Hulst,677,Zeeland,0,0,0,0,0,0,0,0,0,0,0,0,0,0,0,0,0,0,0,0,0,0,0,0,0,0,0
Kapelle,678,Zeeland,0,0,0,0,0,0,0,0,0,0,0,0,0,0,0,0,0,0,0,1,2,2,2,2,2,2,2
Middelburg,687,Zeeland,0,0,0,0,0,0,0,0,0,0,0,0,0,0,0,0,0,0,1,1,2,3,3,4,5,6,6
Reimerswaal,703,Zeeland,0,0,0,0,0,0,0,0,0,0,0,0,0,0,1,1,1,1,2,2,3,4,5,5,5,5,6
Terneuzen,715,Zeeland,0,0,0,0,0,0,0,0,0,0,0,0,0,0,0,0,1,1,1,2,3,4,5,5,5,6,6
Tholen,716,Zeeland,0,0,0,0,0,0,0,0,0,0,0,0,0,0,0,0,0,1,1,1,2,2,2,7,7,8,11
Veere,717,Zeeland,0,0,0,0,0,0,0,0,0,0,0,0,0,2,1,1,1,1,1,1,1,1,2,5,5,6,6
Vlissingen,718,Zeeland,0,0,0,0,0,0,0,0,0,0,0,0,0,0,2,2,2,2,3,4,4,5,6,6,6,8,8
De Ronde Venen,736,Utrecht,0,0,0,0,0,0,0,0,0,0,0,0,0,0,0,0,0,0,2,2,2,2,3,3,4,6,8
Tytsjerksteradiel,737,Friesland,0,0,0,0,0,0,0,0,0,0,0,0,0,0,0,0,0,0,1,1,1,1,1,1,1,1,1
Asten,743,Noord-Brabant,0,0,0,0,0,0,0,0,0,0,0,0,0,0,0,0,0,1,1,2,2,2,2,5,5,5,6
Baarle-Nassau,744,Noord-Brabant,0,0,0,0,0,0,0,0,0,0,0,0,0,0,0,0,0,0,0,0,0,0,1,1,1,1,1
Bergen op Zoom,748,Noord-Brabant,0,0,0,0,0,0,0,0,0,0,1,1,1,1,1,1,1,4,4,5,5,6,8,9,10,12,12
Best,753,Noord-Brabant,0,0,0,0,0,0,0,1,1,1,2,2,2,3,3,3,3,3,4,5,6,6,8,11,14,14,17
Boekel,755,Noord-Brabant,0,0,0,0,0,0,0,0,0,0,1,1,2,7,8,11,12,12,14,14,19,20,25,32,37,40,42
Boxmeer,756,Noord-Brabant,0,0,0,0,0,0,0,0,0,0,0,0,0,0,0,1,1,1,1,1,2,2,5,6,7,7,9
Boxtel,757,Noord-Brabant,0,0,0,0,0,0,0,0,0,0,0,0,0,0,1,1,2,2,3,5,5,6,6,11,12,12,15
Breda,758,Noord-Brabant,0,0,0,0,0,0,0,0,2,2,16,19,27,32,42,53,64,71,86,96,105,113,121,133,140,161,167
Deurne,762,Noord-Brabant,0,0,0,0,0,0,0,0,0,0,1,1,1,3,3,3,3,4,5,8,8,10,13,19,22,22,25
Pekela,765,Groningen,0,0,0,0,0,0,0,0,0,0,0,0,0,0,1,1,1,1,1,1,1,1,1,2,2,2,2
Dongen,766,Noord-Brabant,0,0,0,0,0,0,0,1,1,2,3,3,3,4,4,4,5,5,5,5,5,5,2,2,2,2,4
Eersel,770,Noord-Brabant,0,0,0,0,0,0,0,0,0,0,0,0,0,0,1,1,2,2,2,3,4,4,6,7,9,10,13
Eindhoven,772,Noord-Brabant,0,0,0,0,0,1,1,3,4,4,6,7,8,8,8,12,13,21,21,22,23,24,28,35,46,55,68
Etten-Leur,777,Noord-Brabant,0,0,0,0,0,0,0,0,0,0,0,1,3,5,5,6,7,8,10,12,13,14,15,18,20,24,24
Geertruidenberg,779,Noord-Brabant,0,0,0,0,0,0,0,0,0,0,0,0,0,1,1,1,1,1,3,5,7,7,7,7,8,10,10
Gilze en Rijen,784,Noord-Brabant,0,0,0,0,0,0,0,0,0,0,0,0,0,0,0,1,1,1,1,1,3,5,7,7,12,13,16
Goirle,785,Noord-Brabant,0,0,0,0,0,0,0,0,0,0,1,4,4,6,6,6,6,6,9,9,9,11,11,12,13,13,16
Grave,786,Noord-Brabant,0,0,0,0,0,0,0,0,0,0,0,0,0,0,0,0,0,0,0,0,1,2,4,6,10,11,11
Haaren,788,Noord-Brabant,0,0,0,0,0,0,0,0,0,0,0,2,2,6,6,7,7,7,7,7,9,9,9,10,12,12,12
Helmond,794,Noord-Brabant,0,0,0,0,0,1,4,4,4,4,5,7,11,12,14,16,17,17,17,19,20,22,26,32,38,49,55
's-Hertogenbosch,796,Noord-Brabant,0,0,0,0,0,0,0,0,0,2,2,3,4,5,8,11,14,14,20,24,30,35,38,45,55,60,67
Heusden,797,Noord-Brabant,0,0,0,0,0,0,0,0,0,1,1,1,1,2,2,4,4,4,4,4,5,6,7,11,15,16,19
Hilvarenbeek,798,Noord-Brabant,0,0,0,0,0,0,0,0,0,0,0,0,0,1,3,5,5,5,4,4,4,4,4,5,6,7,8
Loon op Zand,809,Noord-Brabant,0,0,0,0,0,4,5,5,5,7,7,7,7,7,6,7,7,7,7,8,9,11,13,14,16,17,20
Mill en Sint Hubert,815,Noord-Brabant,0,0,0,0,0,0,0,0,0,0,0,0,0,0,0,0,0,1,1,1,1,2,2,2,2,2,5
"Nuenen, Gerwen en Nederwetten",820,Noord-Brabant,0,0,0,0,0,0,0,0,0,0,0,0,1,1,1,1,1,1,1,1,1,1,1,1,3,4,4
Oirschot,823,Noord-Brabant,0,0,0,0,0,0,0,0,0,0,0,0,0,0,0,0,0,0,1,1,1,1,1,1,3,3,4
Oisterwijk,824,Noord-Brabant,0,0,0,0,0,0,0,0,1,3,3,3,3,4,5,6,6,6,9,10,10,10,12,15,16,16,16
Oosterhout,826,Noord-Brabant,0,0,0,0,0,0,0,0,0,0,0,0,0,0,1,3,4,5,6,8,9,9,12,13,16,22,23
Oss,828,Noord-Brabant,0,0,0,0,0,1,1,1,1,1,1,1,1,2,3,3,4,5,11,14,20,26,35,44,59,65,73
Rucphen,840,Noord-Brabant,0,0,0,0,0,0,0,0,0,0,0,0,0,0,0,0,0,1,1,1,1,2,3,6,6,6,6
Sint-Michielsgestel,845,Noord-Brabant,0,0,0,0,0,0,0,1,2,3,5,5,5,5,5,5,6,6,8,8,10,10,12,12,14,14,17
Someren,847,Noord-Brabant,0,0,0,0,0,0,0,0,0,0,0,0,0,0,0,0,1,1,1,2,3,3,5,5,6,7,7
Son en Breugel,848,Noord-Brabant,0,0,0,0,0,0,0,0,0,0,0,0,0,1,1,2,2,2,4,4,4,5,7,8,10,10,13
Steenbergen,851,Noord-Brabant,0,0,0,0,0,0,0,0,0,0,0,0,0,0,0,0,0,1,2,2,2,4,4,5,8,8,9
Waterland,852,Noord-Holland,0,0,0,0,0,0,0,0,0,0,1,1,1,1,1,1,1,2,3,3,4,7,7,8,8,9,10
Tilburg,855,Noord-Brabant,1,1,3,4,4,2,3,3,4,10,12,27,29,42,50,67,68,68,84,88,95,119,133,154,178,193,211
Uden,856,Noord-Brabant,0,0,0,0,0,0,0,0,2,6,7,12,13,18,21,25,28,33,43,49,53,60,71,76,82,84,92
Valkenswaard,858,Noord-Brabant,0,0,0,0,0,0,0,0,0,0,0,0,0,0,0,0,0,0,0,0,1,1,2,4,4,5,8
Veldhoven,861,Noord-Brabant,0,0,0,0,0,0,0,0,0,0,0,1,1,1,1,1,1,1,1,1,1,2,5,9,11,11,14
Vught,865,Noord-Brabant,0,0,0,0,0,0,0,0,0,0,0,1,1,1,2,2,2,2,3,6,7,8,8,11,15,17,19
Waalre,866,Noord-Brabant,0,0,0,0,0,0,0,0,1,1,1,1,1,1,1,1,1,1,1,1,2,2,2,2,2,2,3
Waalwijk,867,Noord-Brabant,0,0,0,0,0,0,0,0,1,3,5,5,5,6,6,9,8,8,10,11,12,13,15,16,22,24,29
Woensdrecht,873,Noord-Brabant,0,0,0,0,0,0,0,0,0,0,0,0,0,0,0,0,0,0,0,0,0,0,0,0,2,3,4
Zundert,879,Noord-Brabant,0,0,0,0,0,0,0,0,0,0,1,1,1,2,2,3,3,3,3,4,6,6,7,7,7,9,11
Wormerland,880,Noord-Holland,0,0,0,0,0,0,0,0,0,0,0,0,0,0,0,0,0,0,0,0,0,1,1,1,1,2,2
Landgraaf,882,Limburg,0,0,0,0,0,0,0,0,0,0,0,0,0,0,1,2,4,4,4,4,7,7,7,9,10,11,18
Beek,888,Limburg,0,0,0,0,0,0,0,0,0,0,0,0,0,0,0,0,0,3,3,3,3,3,5,5,5,5,9
Beesel,889,Limburg,0,0,0,0,0,0,0,0,0,0,0,0,0,0,0,0,0,0,0,0,0,0,1,3,5,5,6
Bergen (L.),893,Limburg,0,0,0,0,0,0,0,0,0,0,0,0,0,0,0,0,0,0,0,0,1,1,1,1,1,1,1
Brunssum,899,Limburg,0,0,0,0,0,0,0,0,0,0,0,0,0,0,0,0,0,0,0,2,4,4,6,6,6,8,17
Gennep,907,Limburg,0,0,0,0,0,0,0,0,0,0,0,0,0,0,0,1,1,1,1,1,2,4,4,5,7,7,7
Heerlen,917,Limburg,0,0,0,0,0,0,0,0,0,0,0,0,0,1,2,2,4,5,6,8,14,15,18,19,24,29,46
Kerkrade,928,Limburg,0,0,0,0,0,0,0,0,0,0,0,0,0,0,0,0,1,2,2,3,3,3,5,6,8,8,17
Maastricht,935,Limburg,0,0,0,0,0,0,0,0,2,3,4,6,7,8,8,10,16,21,24,33,41,42,56,57,59,60,94
Meerssen,938,Limburg,0,0,0,0,0,0,0,0,0,0,0,0,0,0,0,0,0,0,1,1,2,2,2,2,3,3,8
Mook en Middelaar,944,Limburg,0,0,0,0,0,0,0,0,0,0,0,0,0,0,0,0,0,0,0,0,0,1,1,1,1,3,5
Nederweert,946,Limburg,0,0,0,0,0,0,0,0,0,0,0,0,0,0,0,1,3,3,3,5,7,7,7,7,8,9,11
Roermond,957,Limburg,0,0,0,0,0,0,0,0,0,0,1,1,1,1,1,1,2,2,2,4,6,13,15,18,21,23,26
Simpelveld,965,Limburg,0,0,0,0,0,0,0,0,2,2,2,2,2,2,2,2,2,3,3,4,5,5,5,5,5,5,7
Stein,971,Limburg,0,0,0,0,0,0,0,0,0,0,0,0,0,1,1,1,3,3,3,3,4,4,5,5,6,9,24
Vaals,981,Limburg,0,0,0,0,0,0,0,0,0,0,0,0,0,0,0,0,0,0,0,0,0,0,0,0,0,0,3
Venlo,983,Limburg,0,0,0,0,0,0,0,0,0,0,0,1,1,1,2,2,3,4,6,8,12,21,24,33,33,35,40
Venray,984,Limburg,0,0,0,0,0,0,0,0,0,0,0,0,0,0,0,0,0,0,0,0,1,3,6,8,9,10,13
Voerendaal,986,Limburg,0,0,0,0,0,0,0,0,0,0,0,0,0,0,0,0,0,0,0,1,3,3,4,4,4,4,5
Weert,988,Limburg,0,0,0,0,0,0,0,0,0,0,0,0,0,0,0,0,0,0,0,0,0,0,4,7,7,12,17
Valkenburg aan de Geul,994,Limburg,0,0,0,0,0,0,0,0,0,0,0,0,0,0,0,0,0,0,1,2,2,2,4,4,4,4,8
Lelystad,995,Flevoland,0,0,0,0,0,0,0,0,0,0,0,0,0,1,1,3,5,7,8,10,12,13,15,15,19,21,24
Horst aan de Maas,1507,Limburg,0,0,0,0,0,0,0,0,0,0,0,0,0,0,0,2,3,3,5,8,8,10,11,13,13,16,17
Oude IJsselstreek,1509,Gelderland,0,0,0,0,0,0,0,0,0,0,0,0,0,0,0,0,0,0,1,2,2,2,2,4,4,4,4
Teylingen,1525,Zuid-Holland,0,0,0,0,0,0,0,0,0,0,0,0,0,0,0,0,0,0,1,2,2,2,3,5,7,7,7
Utrechtse Heuvelrug,1581,Utrecht,0,0,0,0,0,0,0,0,1,1,2,2,2,2,2,2,2,2,3,5,6,8,8,8,11,14,14
Oost Gelre,1586,Gelderland,0,0,0,0,0,0,0,0,0,0,0,0,0,0,0,0,0,0,0,0,0,0,1,2,2,2,6
Koggenland,1598,Noord-Holland,0,0,0,0,0,0,0,0,0,0,0,0,0,0,0,0,1,1,1,1,1,1,1,1,2,4,4
Lansingerland,1621,Zuid-Holland,0,0,0,0,0,0,0,0,1,2,2,3,4,4,4,4,4,5,5,7,10,13,14,16,20,20,24
Leudal,1640,Limburg,0,0,0,0,0,0,0,0,0,0,0,1,2,3,4,4,6,6,7,8,11,13,16,20,22,23,26
Maasgouw,1641,Limburg,0,0,0,0,0,0,0,0,0,0,0,0,0,0,0,0,1,2,2,3,4,5,5,7,8,9,9
Gemert-Bakel,1652,Noord-Brabant,0,0,0,0,0,0,0,1,1,1,1,1,2,4,7,11,13,16,20,25,26,31,36,42,50,56,64
Halderberge,1655,Noord-Brabant,0,0,0,0,0,0,0,0,0,0,0,0,0,0,0,0,0,0,2,2,2,2,2,5,7,7,8
Heeze-Leende,1658,Noord-Brabant,0,0,0,0,0,0,0,0,0,0,0,0,0,1,1,1,1,1,2,3,4,4,4,4,7,7,7
Laarbeek,1659,Noord-Brabant,0,0,0,0,0,0,0,0,0,0,0,0,0,0,0,1,1,1,1,1,2,4,6,8,11,13,17
Reusel-De Mierden,1667,Noord-Brabant,0,0,0,0,0,0,0,0,0,0,0,0,0,0,0,0,0,0,0,0,0,0,0,0,1,1,1
Roerdalen,1669,Limburg,0,0,0,0,0,0,0,0,0,0,0,0,0,0,0,0,0,0,0,0,1,1,4,4,6,7,10
Roosendaal,1674,Noord-Brabant,0,0,0,0,0,0,0,0,0,0,0,0,0,1,1,2,2,5,6,6,6,7,8,8,11,16,18
Schouwen-Duiveland,1676,Zeeland,0,0,0,0,0,0,0,0,0,1,1,1,2,1,2,2,2,2,2,2,2,2,2,3,3,3,3
Aa en Hunze,1680,Drenthe,0,0,0,0,0,0,0,0,0,0,0,0,0,0,0,0,0,0,0,0,0,0,0,0,1,1,1
Borger-Odoorn,1681,Drenthe,0,0,0,0,0,0,0,0,0,0,0,0,0,0,0,0,0,0,0,0,0,0,0,0,0,0,0
Cuijk,1684,Noord-Brabant,0,0,0,0,0,0,0,0,0,0,0,0,0,1,1,2,2,2,2,2,2,4,4,4,4,5,6
Landerd,1685,Noord-Brabant,0,0,0,0,0,0,0,0,0,0,2,2,1,2,2,4,5,5,10,14,16,18,20,20,22,23,25
De Wolden,1690,Drenthe,0,0,0,0,0,0,0,0,0,0,0,0,0,0,0,0,1,1,1,1,1,1,2,3,3,3,3
Noord-Beveland,1695,Zeeland,0,0,0,0,0,0,0,0,0,0,0,0,0,0,0,0,0,0,0,0,0,0,0,0,0,0,1
Wijdemeren,1696,Noord-Holland,0,0,0,0,0,0,0,0,0,0,0,0,0,0,0,0,0,0,0,0,1,1,1,1,1,1,1
Noordenveld,1699,Drenthe,0,0,0,0,0,0,0,0,0,0,0,0,0,0,0,0,0,0,1,1,1,1,1,1,1,1,1
Twenterand,1700,Overijssel,0,0,0,0,0,0,0,0,0,0,0,0,0,0,0,0,0,0,0,0,0,0,0,1,1,2,3
Westerveld,1701,Drenthe,0,0,0,0,0,0,0,0,0,0,0,0,0,0,0,0,0,0,0,0,0,0,0,1,1,2,2
Sint Anthonis,1702,Noord-Brabant,0,0,0,0,0,0,0,0,0,0,0,0,0,0,0,0,2,2,3,4,5,8,10,12,13,13,13
Lingewaard,1705,Gelderland,0,0,0,0,0,0,0,0,1,2,2,2,2,2,2,2,3,3,3,3,4,5,6,6,9,10,11
Cranendonck,1706,Noord-Brabant,0,0,0,0,0,0,0,0,0,0,0,0,0,1,1,2,2,2,2,5,6,6,8,11,13,19,23
Steenwijkerland,1708,Overijssel,0,0,0,0,0,0,0,0,0,0,0,0,0,0,0,0,0,0,0,1,1,1,1,3,3,4,5
Moerdijk,1709,Noord-Brabant,0,0,0,0,0,0,0,0,0,0,0,0,0,0,0,1,1,1,1,1,1,2,3,3,3,3,4
Echt-Susteren,1711,Limburg,0,0,0,0,0,0,0,0,0,0,0,0,0,0,0,0,0,0,0,2,6,6,7,11,12,14,15
Sluis,1714,Zeeland,0,0,0,0,0,0,0,0,0,0,0,0,0,0,0,0,0,1,2,2,2,2,3,3,4,4,5
Drimmelen,1719,Noord-Brabant,0,0,0,0,0,0,0,0,0,0,0,0,0,1,3,5,5,5,7,11,12,13,13,14,14,16,17
Bernheze,1721,Noord-Brabant,0,0,0,0,0,0,0,0,0,1,1,2,2,2,4,13,15,16,19,20,26,30,37,41,57,62,67
Alphen-Chaam,1723,Noord-Brabant,0,0,0,0,0,0,0,0,0,0,0,0,0,0,0,0,1,1,2,3,6,6,6,7,9,14,15
Bergeijk,1724,Noord-Brabant,0,0,0,0,0,0,0,0,0,0,0,0,0,1,1,1,1,1,1,1,1,1,1,1,1,3,5
Bladel,1728,Noord-Brabant,0,0,0,0,0,0,0,0,0,0,0,0,0,0,0,0,1,1,1,1,2,3,6,7,11,12,14
Gulpen-Wittem,1729,Limburg,0,0,0,0,0,0,0,0,0,0,0,0,0,0,0,0,0,1,2,2,2,2,2,2,2,2,4
Tynaarlo,1730,Drenthe,0,0,0,0,0,0,0,0,0,0,0,0,0,0,0,0,0,0,0,1,3,4,5,7,8,8,10
Midden-Drenthe,1731,Drenthe,0,0,0,0,0,0,0,0,0,0,0,0,0,0,0,0,0,0,0,0,0,1,1,1,1,1,1
Overbetuwe,1734,Gelderland,0,0,0,0,0,0,0,0,0,0,0,0,0,0,0,0,4,6,8,9,9,11,15,20,22,30,33
Hof van Twente,1735,Overijssel,0,0,0,0,0,0,0,0,0,0,0,0,0,0,0,0,0,1,1,1,3,3,3,4,5,5,5
Neder-Betuwe,1740,Gelderland,0,0,0,0,0,0,0,0,0,0,0,1,1,1,1,3,3,4,4,4,4,4,5,5,9,9,11
Rijssen-Holten,1742,Overijssel,0,0,0,0,0,0,0,0,0,0,0,0,0,0,0,0,0,0,0,0,0,0,2,3,4,4,4
Geldrop-Mierlo,1771,Noord-Brabant,0,0,0,0,0,0,0,0,0,0,0,0,0,0,1,2,2,2,3,3,3,4,4,6,6,8,9
Olst-Wijhe,1773,Overijssel,0,0,0,0,0,0,0,0,0,0,0,0,0,0,0,0,0,0,0,0,0,0,0,2,2,2,4
Dinkelland,1774,Overijssel,0,0,0,0,0,0,0,0,0,1,2,2,2,2,1,3,4,4,5,5,6,8,9,13,14,15,17
Westland,1783,Zuid-Holland,0,0,0,0,0,0,0,0,0,0,0,0,0,0,0,0,0,1,1,3,6,7,9,11,15,21,25
Midden-Delfland,1842,Zuid-Holland,0,0,0,0,0,0,0,0,0,0,0,0,0,0,0,0,0,0,0,0,0,1,2,2,2,2,2
Berkelland,1859,Gelderland,0,0,0,0,0,0,0,0,0,0,0,0,0,0,0,0,0,0,0,0,0,1,1,1,1,2,2
Bronckhorst,1876,Gelderland,0,0,0,0,0,0,0,0,1,1,2,2,2,2,2,2,2,2,2,2,2,3,5,6,6,6,7
Sittard-Geleen,1883,Limburg,0,0,0,0,0,0,0,2,4,4,7,8,13,20,20,23,35,37,38,42,51,51,58,58,59,61,84
Kaag en Braassem,1884,Zuid-Holland,0,0,0,0,0,0,0,0,0,0,0,0,0,0,0,0,0,0,0,0,0,1,1,1,2,2,4
Dantumadiel,1891,Friesland,0,0,0,0,0,0,0,0,0,0,0,0,0,0,0,0,0,0,0,0,0,0,0,0,0,0,0
Zuidplas,1892,Zuid-Holland,0,0,0,0,0,0,0,0,0,0,0,0,0,0,0,0,0,0,0,0,0,0,0,1,3,3,3
Peel en Maas,1894,Limburg,0,0,0,0,0,0,0,0,0,0,0,0,1,3,4,8,10,14,19,31,36,41,49,63,64,69,79
Oldambt,1895,Groningen,0,0,0,0,0,0,0,0,0,0,0,0,0,0,0,0,0,0,0,0,0,0,0,0,0,0,0
Zwartewaterland,1896,Overijssel,0,0,0,0,0,0,0,0,0,0,0,0,0,0,0,2,2,2,2,4,4,5,9,15,17,19,22
Súdwest-Fryslân,1900,Friesland,0,0,0,0,0,0,0,0,0,0,0,0,0,0,1,1,1,1,1,1,2,2,2,4,5,5,6
Bodegraven-Reeuwijk,1901,Zuid-Holland,0,0,0,0,0,0,0,0,0,0,0,0,0,0,1,1,1,1,1,1,1,1,1,3,5,5,5
Eijsden-Margraten,1903,Limburg,0,0,0,0,0,0,0,0,0,0,0,0,0,0,0,0,1,3,4,4,4,4,6,6,6,7,15
Stichtse Vecht,1904,Utrecht,0,0,0,0,0,0,0,2,3,4,5,5,5,5,5,6,6,7,7,8,9,10,10,10,12,13,16
Hollands Kroon,1911,Noord-Holland,0,0,0,0,0,0,0,0,0,0,0,0,0,0,0,0,0,0,0,0,1,3,3,6,7,8,10
Leidschendam-Voorburg,1916,Zuid-Holland,0,0,0,0,0,0,0,0,0,1,1,1,2,2,2,3,3,3,4,5,6,6,7,9,10,10,13
Goeree-Overflakkee,1924,Zuid-Holland,0,0,0,0,0,0,0,0,0,0,0,0,0,0,0,1,1,2,4,5,7,8,14,16,25,36,43
Pijnacker-Nootdorp,1926,Zuid-Holland,0,0,0,0,0,0,0,2,2,2,2,2,4,5,5,6,6,7,8,10,11,11,11,11,11,12,14
Nissewaard,1930,Zuid-Holland,0,0,0,0,0,0,0,0,0,0,0,0,0,0,1,1,1,1,1,3,4,7,11,12,15,15,17
Krimpenerwaard,1931,Zuid-Holland,0,0,0,0,0,0,0,0,0,0,1,1,1,3,3,3,3,4,4,4,4,5,7,9,11,11,12
De Fryske Marren,1940,Friesland,0,0,0,0,0,0,0,0,0,0,0,0,0,0,1,2,2,3,3,3,5,5,6,8,8,8,8
Gooise Meren,1942,Noord-Holland,0,0,0,0,0,0,1,1,2,2,2,2,2,3,3,3,4,4,4,9,9,10,10,11,11,11,12
Berg en Dal,1945,Gelderland,0,0,0,0,0,0,0,0,0,0,0,0,1,3,3,5,6,6,10,14,14,18,20,25,30,33,35
Meierijstad,1948,Noord-Brabant,0,0,0,0,0,0,0,0,0,1,4,10,11,13,18,25,30,34,42,49,60,72,81,95,119,127,139
Waadhoeke,1949,Friesland,0,0,0,0,0,0,0,0,0,0,0,0,0,0,0,0,0,0,0,0,0,0,0,0,0,0,0
Westerwolde,1950,Groningen,0,0,0,0,0,0,0,0,0,0,0,0,0,0,0,0,0,0,0,0,0,0,0,0,0,0,0
Midden-Groningen,1952,Groningen,0,0,0,0,0,0,0,0,0,0,0,0,0,0,0,0,0,1,1,1,2,2,2,2,2,2,2
Beekdaelen,1954,Limburg,0,0,0,0,0,0,0,0,1,2,2,4,5,8,8,8,9,12,13,15,18,18,19,19,19,20,29
Montferland,1955,Gelderland,0,0,0,0,0,0,0,0,0,0,0,0,0,0,0,0,0,0,0,0,1,1,1,1,2,3,3
Altena,1959,Noord-Brabant,0,0,0,1,1,3,3,4,4,4,4,4,4,4,5,8,9,10,12,12,15,19,19,22,23,25,28
West Betuwe,1960,Gelderland,0,0,0,0,0,0,0,0,1,2,2,2,2,2,2,3,3,3,3,6,6,8,11,12,12,15,17
Vijfheerenlanden,1961,Utrecht,0,0,0,0,0,0,0,0,0,1,1,1,1,1,1,2,2,2,3,4,4,7,7,9,11,12,18
Hoeksche Waard,1963,Zuid-Holland,0,0,0,0,0,0,1,1,1,2,2,2,2,2,1,1,1,2,4,6,8,12,17,17,21,23,31
Het Hogeland,1966,Groningen,0,0,0,0,0,0,0,0,0,0,0,0,0,0,0,0,0,0,0,0,0,0,0,0,0,1,1
Westerkwartier,1969,Groningen,0,0,0,0,0,0,0,0,0,0,0,0,0,0,0,0,0,1,1,1,1,3,2,3,6,8,8
Noardeast-Fryslân,1970,Friesland,0,0,0,0,0,0,0,0,0,0,0,0,0,0,0,0,0,0,0,0,0,1,1,1,1,2,3
Molenlanden,1978,Zuid-Holland,0,0,0,0,0,0,0,0,0,0,0,0,0,0,0,0,0,1,2,3,7,9,11,11,11,11,13
